UMPD Case Number,Date Occurred,Report Date,Crime Type,Disposition,LOCATION,Crime_Category,Latitude,Longitude
2025-00000044,01/01/2025 01:10:00,01/01/2025 - 01:10,DWI/DUI,Arrest,Adelphi Rd,Substance/Impairment,38.9943278,-76.9603365
2025-00000055,01/01/2025 01:48:00,01/01/2025 - 01:48,DWI/DUI,Arrest,University Blvd,Substance/Impairment,39.0003743,-76.942387
2025-00000056,01/01/2025 01:49:00,01/01/2025 - 01:49,Assist Other Agency,CBE,7500 block of Girard Ave,Public Safety/Suspicious,38.9818332,-76.9305344
2025-00000083,12/29/2024 21:00:00,01/01/2025 - 03:41,Dept Property Damage/Loss,CBE,7500 block of Baltimore Ave,Property,38.9824648,-76.9381235
2025-00000128,01/01/2025 05:45:00,01/01/2025 - 05:45,DWI/DUI,Arrest,Adelphi Rd,Substance/Impairment,38.9943278,-76.9603365
2025-00001461,01/03/2025 01:35:00,01/03/2025 - 01:35,Recovered Stolen Motor Vehicle,CBE,Corporal Frank Scott Dr,Property,38.9785741,-76.9247518
2025-00001561,01/03/2025 03:46:00,01/03/2025 - 03:46,DWI/DUI,Arrest,University Blvd,Substance/Impairment,39.0003743,-76.942387
2025-00001764,01/03/2025 11:33:00,01/03/2025 - 13:12,Theft,Arrest,4100 block of Valley Dr,Property,38.9929461,-76.9441777
2025-00002272,01/04/2025 02:55:00,01/04/2025 - 02:55,DWI/DUI,Arrest,University Blvd,Substance/Impairment,39.0003743,-76.942387
2025-00002744,01/05/2025 00:00:00,01/05/2025 - 00:00,Injured/Sick Person,CBE,7300 block of Baltimore Ave,Violent/Person-Related,38.9798471,-76.938289
2025-00003694,01/07/2025 15:51:00,01/07/2025 - 15:51,Theft,Arrest,4200 block of Stadium Dr,Property,38.9905735,-76.94362029999999
2025-00003697,01/07/2025 16:51:00,01/07/2025 - 16:51,Theft,Arrest,7600 block of Regents Dr,Property,38.982614,-76.9394962
2025-00004053,01/08/2025 04:52:00,01/08/2025 - 04:52,Recovered Stolen Property,Arrest,Campus Dr,Property,38.9843452,-76.9325689
2025-00004615,01/09/2025 08:30:00,01/09/2025 - 08:30,DWI/DUI,Arrest,Baltimore Ave,Substance/Impairment,38.9977211,-76.9315755
2025-00004653,01/09/2025 14:47:00,01/09/2025 - 14:47,Hazardous Condition,CBE,8100 block of Regents Dr,Public Safety/Suspicious,38.9904589,-76.940693
2025-00004663,12/24/2024 08:00:00,01/09/2025 - 16:50,Lost Property,CBE,4300 block of Rowalt Dr,Property,38.9791063,-76.9413939
2025-00005348,01/10/2025 08:46:00,01/10/2025 - 08:46,Damage to State Property,CBE,3900 block of Campus Dr,Property,38.98595479999999,-76.94751149999999
2025-00005393,01/09/2025 08:30:00,01/10/2025 - 09:58,Theft,Unfounded,4200 block of Valley Dr,Property,38.993454,-76.9431565
2025-00005924,01/11/2025 01:01:00,01/11/2025 - 01:01,DWI/DUI,Arrest,7300 block of Baltimore Ave,Substance/Impairment,38.9798471,-76.938289
2025-00006729,01/12/2025 00:42:00,01/12/2025 - 00:42,DWI/DUI,Arrest,University Blvd,Substance/Impairment,39.0003743,-76.942387
2025-00006794,01/12/2025 03:55:00,01/12/2025 - 03:55,DWI/DUI,Arrest,University Blvd,Substance/Impairment,39.0003743,-76.942387
2025-00006795,01/12/2025 04:38:00,01/12/2025 - 04:38,Warrant/Summons Service,Arrest,7100 block of 51st Ave,Admin/Legal/Special,38.9756201,-76.92599520000002
2025-00007461,12/09/2024 17:00:00,01/13/2025 - 05:56,Theft,Investigation Pending,3900 block of Campus Dr,Property,38.98595479999999,-76.94751149999999
2025-00007726,01/13/2025 15:44:00,01/13/2025 - 15:44,Injured/Sick Person,CBE,7300 block of River Rd,Violent/Person-Related,38.9752131,-76.9279528
2025-00007807,01/13/2025 16:54:00,01/13/2025 - 16:54,Disorderly Conduct,Arrest,8500 block of Paint Branch Dr,Substance/Impairment,38.994996,-76.94044699999999
2025-00007896,01/13/2025 18:35:00,01/13/2025 - 18:52,Assist Other Agency,CBE,7400 block of Baltimore Ave,Public Safety/Suspicious,38.9809826,-76.938134
2025-00008368,01/13/2025 10:30:00,01/14/2025 - 10:26,Theft,Unfounded,4200 block of Valley Dr,Property,38.993454,-76.9431565
2025-00008454,01/14/2025 16:20:00,01/14/2025 - 16:20,Other Incident,CBE,8000 block of Regents Dr,Public Safety/Suspicious,38.9882024,-76.94094489999999
2025-00009161,01/15/2025 15:51:00,01/15/2025 - 15:51,Other Incident,CBE,4200 block of Stadium Dr,Public Safety/Suspicious,38.9905735,-76.94362029999999
2025-00009634,01/16/2025 02:31:00,01/16/2025 - 02:31,DWI/DUI,Arrest,University Blvd,Substance/Impairment,39.0003743,-76.942387
2025-00009937,01/15/2025 10:30:00,01/16/2025 - 10:40,Theft,Investigation Pending,8200 block of Paint Branch Dr,Property,38.9899408,-76.9372626
2025-00010536,01/17/2025 01:54:00,01/17/2025 - 01:54,DWI/DUI,Arrest,University Blvd,Substance/Impairment,39.0003743,-76.942387
2025-00010725,01/15/2025 17:56:00,01/17/2025 - 08:35,Stolen Motor Vehicle,Investigation Pending,7500 block of Mowatt Ln,Property,38.9821066,-76.94979119999999
2025-00011238,01/18/2025 00:37:00,01/18/2025 - 00:37,DWI/DUI,Arrest,Adelphi Rd,Substance/Impairment,38.9943278,-76.9603365
2025-00011482,01/18/2025 12:05:00,01/18/2025 - 12:05,Other Incident,CBE,Paint Branch Dr,Public Safety/Suspicious,38.9936058,-76.9373043
2025-00011513,01/18/2025 13:56:00,01/18/2025 - 13:56,Injured Officer,Active/Pending,7500 block of Baltimore Ave,Violent/Person-Related,38.9824648,-76.9381235
2025-00011728,01/18/2025 23:50:00,01/18/2025 - 23:50,DWI/DUI,Arrest,Lot 1b,Substance/Impairment,38.9896967,-76.93776
2025-00011954,01/19/2025 05:56:00,01/19/2025 - 05:56,DWI/DUI,Arrest,Knox Rd,Substance/Impairment,38.9807627,-76.9373827
2025-00011955,01/19/2025 06:53:00,01/19/2025 - 06:53,Damage to State Property,Active/Pending,4100 block of Terrapin Trl,Property,38.99530190000001,-76.94262069999999
2025-00012980,01/20/2025 15:04:00,01/20/2025 - 15:20,Hazardous Condition,Active/Pending,4200 block of Campus Dr,Public Safety/Suspicious,38.9878677,-76.9388881
2025-00013355,01/20/2025 23:29:00,01/20/2025 - 23:29,DWI/DUI,Arrest,University Blvd,Substance/Impairment,39.0003743,-76.942387
2025-00013733,01/15/2025 08:35:00,01/21/2025 - 13:05,Theft,Summons Issued,7500 block of Baltimore Ave,Property,38.9824648,-76.9381235
2025-00013860,01/21/2025 18:12:00,01/21/2025 - 18:12,Recovered Stolen Property,CBE,Greenbelt Rd,Property,38.9982019,-76.9264814
2025-00014079,01/22/2025 00:05:00,01/22/2025 - 00:05,DWI/DUI,Arrest,University Blvd,Substance/Impairment,39.0003743,-76.942387
2025-00014830,01/23/2025 02:19:00,01/23/2025 - 02:19,DWI/DUI,Arrest,University Blvd,Substance/Impairment,39.0003743,-76.942387
2025-00015121,01/23/2025 13:15:00,01/23/2025 - 13:17,Damage to State Property,CBE,7500 block of Calvert Service Ln,Property,38.98228340000001,-76.9424736
2025-00015146,01/23/2025 14:34:00,01/23/2025 - 14:34,Damage to State Property,CBE,8400 block of Paint Branch Dr,Property,38.9947323,-76.9373186
2025-00015713,01/24/2025 03:27:00,01/24/2025 - 03:27,Vandalism,Investigation Pending,3400 block of Tulane Dr,Property,38.9848973,-76.9585598
2025-00015847,01/16/2025 16:15:00,01/24/2025 - 11:44,Lost Property,Unfounded,3900 block of Campus Dr,Property,38.98595479999999,-76.94751149999999
2025-00016188,01/24/2025 18:58:00,01/24/2025 - 19:04,Injured/Sick Person,CBE,4100 block of Valley Dr,Violent/Person-Related,38.9929461,-76.9441777
2025-00017067,01/25/2025 22:55:00,01/25/2025 - 22:55,Injured/Sick Person,CBE,Knox Rd,Violent/Person-Related,38.9807627,-76.9373827
2025-00017446,12/20/2024 21:30:00,01/26/2025 - 10:25,Theft,Investigation Pending,4100 block of Stadium Dr,Property,38.9905774,-76.9450332
2025-00017747,01/26/2025 21:23:00,01/26/2025 - 21:23,CDS Violation,CBE,Lot 2a,Substance/Impairment,38.9896967,-76.93776
2025-00018086,01/27/2025 08:55:00,01/27/2025 - 08:58,Injured/Sick Person,CBE,Frat Row,Violent/Person-Related,38.984421,-76.9361904
2025-00018143,07/16/2024 10:00:00,01/27/2025 - 10:26,Harassment/Stalking,Unfounded,7700 block of Adelphi Rd,Violent/Person-Related,38.98431860000001,-76.9557727
2025-00018324,01/27/2025 14:39:00,01/27/2025 - 14:39,Injured/Sick Person,CBE,8400 block of Boteler Ln,Violent/Person-Related,39.0020587,-76.94301569999999
2025-00018327,01/26/2025 21:00:00,01/27/2025 - 14:45,Theft,Investigation Pending,7500 block of Calvert Service Ln,Property,38.98228340000001,-76.9424736
2025-00018436,01/14/2025 00:00:00,01/27/2025 - 16:22,Title IX Incident Non Criminal,Active/Pending,4200 block of Farm Dr,Admin/Legal/Special,38.9920645,-76.9437179
2025-00019006,01/28/2025 05:52:00,01/28/2025 - 05:52,Injured/Sick Person,CBE,4200 block of Valley Dr,Violent/Person-Related,38.993454,-76.9431565
2025-00019166,01/28/2025 10:20:00,01/28/2025 - 10:52,Assist Other Agency,CBE,Greenbelt Rd,Public Safety/Suspicious,38.9982019,-76.9264814
2025-00019205,01/28/2025 12:30:00,01/28/2025 - 12:54,Accident,CBE,4200 block of Campus Dr,Public Safety/Suspicious,38.9878677,-76.9388881
2025-00019226,01/28/2025 13:50:00,01/28/2025 - 14:42,Theft,Investigation Pending,4200 block of Campus Dr,Property,38.9878677,-76.9388881
2025-00019356,01/28/2025 11:00:00,01/28/2025 - 17:19,Theft,Investigation Pending,8200 block of Paint Branch Dr,Property,38.9899408,-76.9372626
2025-00019424,06/17/2024 07:00:00,01/28/2025 - 18:52,Sex Offense,Juvenile Arrest,4000 block of Campus Dr,Violent/Person-Related,38.9875338,-76.9442923
2025-00019867,01/26/2025 06:00:00,01/29/2025 - 05:57,Dept Property Damage/Loss,CBE,7500 block of Baltimore Ave,Property,38.9824648,-76.9381235
2025-00020063,08/01/2024 00:00:00,01/29/2025 - 11:37,Theft,Investigation Pending,8400 block of Baltimore Ave,Property,38.99372169999999,-76.93328919999999
2025-00020067,01/28/2025 23:30:00,01/29/2025 - 12:03,Theft,Unfounded,7000 block of Preinkert Dr,Property,38.9830028,-76.9449015
2025-00020104,01/28/2025 20:56:00,01/29/2025 - 13:30,Theft,Warrant Issued,7500 block of Mowatt Ln,Property,38.9821066,-76.94979119999999
2025-00020137,12/16/2024 16:00:00,01/29/2025 - 15:03,Theft,Investigation Pending,4000 block of Stadium Dr,Property,38.9924384,-76.9474152
2025-00020292,01/29/2025 21:40:00,01/29/2025 - 21:40,Injured/Sick Person,CBE,4200 block of Valley Dr,Violent/Person-Related,38.993454,-76.9431565
2025-00020487,01/30/2025 00:19:00,01/30/2025 - 00:19,CDS Violation,Arrest,3900 block of Denton Service Ln,Substance/Impairment,38.9933705,-76.9496929
2025-00020676,01/30/2025 07:01:00,01/30/2025 - 07:01,Injured/Sick Person,CBE,Farm Dr,Violent/Person-Related,38.9915148,-76.9439565
2025-00020774,01/30/2025 09:30:00,01/30/2025 - 09:37,Injured/Sick Person,CBE,8100 block of Paint Branch Dr,Violent/Person-Related,38.9890055,-76.9368496
2025-00020883,01/30/2025 17:13:00,01/30/2025 - 17:13,Fire,CBE,7600 block of Regents Dr,Public Safety/Suspicious,38.982614,-76.9394962
2025-00021120,01/30/2025 23:00:00,01/30/2025 - 23:00,Disorderly Conduct,Arrest,Princeton Ave,Substance/Impairment,38.9806654,-76.9350854
2025-00021239,01/31/2025 01:39:00,01/31/2025 - 01:39,Injured/Sick Person,CBE,3900 block of Denton Service Ln,Violent/Person-Related,38.9933705,-76.9496929
2025-00021486,01/31/2025 00:01:00,01/31/2025 - 06:58,Damage to State Property,CBE,3800 block of Campus Dr,Property,38.98481719999999,-76.94907789999999
2025-00021530,01/31/2025 08:15:00,01/31/2025 - 09:06,Suspicious Activity,CBE,4000 block of Union Dr,Public Safety/Suspicious,38.987227,-76.9467337
2025-00021606,01/31/2025 11:03:00,01/31/2025 - 11:08,Theft,Arrest,4100 block of Campus Dr,Property,38.9875851,-76.942092
2025-00021662,09/09/2024 12:00:00,01/31/2025 - 13:47,Other Incident,CBE,3800 block of Campus Dr,Public Safety/Suspicious,38.98481719999999,-76.94907789999999
2025-00021672,01/30/2025 16:00:00,01/31/2025 - 14:37,Theft,Unfounded,4000 block of Campus Dr,Property,38.9875338,-76.9442923
2025-00021679,01/27/2025 17:15:00,01/31/2025 - 16:00,Theft,Investigation Pending,3400 block of Tulane Dr,Property,38.9848973,-76.9585598
2025-00021922,01/31/2025 19:37:00,01/31/2025 - 19:37,Injured/Sick Person,CBE,4100 block of Valley Dr,Violent/Person-Related,38.9929461,-76.9441777
2025-00022047,01/31/2025 23:06:00,01/31/2025 - 23:06,Injured/Sick Person,CBE,8100 block of La Plata Dr,Violent/Person-Related,38.9919634,-76.94569059999999
2025-00022189,01/31/2025 23:31:00,02/01/2025 - 01:23,Damage to State Property,CBE,7500 block of Mowatt Ln,Property,38.9821066,-76.94979119999999
2025-00022462,02/01/2025 07:46:00,02/01/2025 - 07:46,Injured/Sick Person,CBE,7600 block of Regents Dr,Violent/Person-Related,38.982614,-76.9394962
2025-00022639,01/30/2025 12:00:00,02/01/2025 - 13:41,Vandalism,Investigation Pending,4100 block of Campus Dr,Property,38.9875851,-76.942092
2025-00022713,02/01/2025 15:15:00,02/01/2025 - 15:48,Suspicious Activity,CBE,4500 block of Knox Rd,Public Safety/Suspicious,38.9809186,-76.93696100000001
2025-00023011,02/01/2025 17:30:00,02/01/2025 - 22:29,Injured/Sick Person,CBE,4100 block of Stadium Dr,Violent/Person-Related,38.9905774,-76.9450332
2025-00023633,01/26/2025 19:00:00,02/02/2025 - 15:14,Theft,Arrest,7500 block of Mowatt Ln,Property,38.9821066,-76.94979119999999
2025-00024219,02/03/2025 04:29:00,02/03/2025 - 04:29,DWI/DUI,Arrest,Yale Ave,Substance/Impairment,38.9823845,-76.9360688
2025-00024348,01/31/2025 16:30:00,02/03/2025 - 09:16,Damage to State Property,CBE,3900 block of Denton Service Ln,Property,38.9933705,-76.9496929
2025-00024377,09/12/2023 10:00:00,02/03/2025 - 10:00,Fraud,Investigation Pending,3500 block of University Blvd,Property,38.9865664,-76.9560825
2025-00024456,02/03/2025 11:00:00,02/03/2025 - 11:48,Theft,Active/Pending,4200 block of Stadium Dr,Property,38.9905735,-76.94362029999999
2025-00024534,02/03/2025 10:55:00,02/03/2025 - 15:00,Theft,Arrest,8100 block of Paint Branch Dr,Property,38.9890055,-76.9368496
2025-00024615,02/03/2025 16:02:00,02/03/2025 - 16:02,Emergency Petition,CBE,4200 block of Chapel Ln,Public Safety/Suspicious,38.9846081,-76.94248370000001
2025-00024644,02/03/2025 16:39:00,02/03/2025 - 16:39,Assist Other Agency,CBE,4300 block of Knox Rd,Public Safety/Suspicious,38.9814976,-76.9423889
2025-00025361,02/04/2025 09:22:00,02/04/2025 - 09:22,Injured/Sick Person,CBE,8100 block of La Plata Dr,Violent/Person-Related,38.9919634,-76.94569059999999
2025-00025424,02/04/2025 13:00:00,02/04/2025 - 13:00,Injured/Sick Person,CBE,4200 block of Stadium Dr,Violent/Person-Related,38.9905735,-76.94362029999999
2025-00025426,02/04/2025 13:11:00,02/04/2025 - 13:11,Injured/Sick Person,CBE,3900 block of Campus Dr,Violent/Person-Related,38.98595479999999,-76.94751149999999
2025-00025479,01/31/2025 10:00:00,02/04/2025 - 14:32,Theft,Investigation Pending,8000 block of Hagerstown Dr,Property,38.992392,-76.9477236
2025-00025497,02/04/2025 15:30:00,02/04/2025 - 15:35,Pedestrian Struck,Active/Pending,7700 block of Alumni Dr,Violent/Person-Related,38.9864818,-76.94900009999999
2025-00026274,02/05/2025 08:47:00,02/05/2025 - 08:47,Damage to State Property,CBE,4100 block of Campus Dr,Property,38.9875851,-76.942092
2025-00026440,02/04/2025 15:15:00,02/05/2025 - 15:06,Theft,Unfounded,4200 block of Campus Dr,Property,38.9878677,-76.9388881
2025-00026488,02/05/2025 16:04:00,02/05/2025 - 16:04,Injured/Sick Person,CBE,3900 block of Campus Dr,Violent/Person-Related,38.98595479999999,-76.94751149999999
2025-00026981,01/30/2025 12:00:00,02/06/2025 - 04:26,Theft,Investigation Pending,8100 block of La Plata Dr,Property,38.9919634,-76.94569059999999
2025-00027148,02/05/2025 16:48:00,02/06/2025 - 10:11,Theft,Investigation Pending,4200 block of Campus Dr,Property,38.9878677,-76.9388881
2025-00027279,02/05/2025 18:00:00,02/06/2025 - 14:19,Injured/Sick Person,CBE,7600 block of Baltimore Ave,Violent/Person-Related,38.9842035,-76.9408095
2025-00027304,02/06/2025 13:45:00,02/06/2025 - 15:58,Suspicious Activity,Active/Pending,Lot L,Public Safety/Suspicious,38.9896967,-76.93776
2025-00027520,02/06/2025 20:06:00,02/06/2025 - 20:06,Injured/Sick Person,CBE,4000 block of Campus Dr,Violent/Person-Related,38.9875338,-76.9442923
2025-00027759,02/07/2025 00:18:00,02/07/2025 - 00:18,DWI/DUI,Arrest,Stanford St,Substance/Impairment,38.9816756,-76.959809
2025-00027987,02/07/2025 04:09:00,02/07/2025 - 04:09,Title IX Incident Non Criminal,CBE,4000 block of Stadium Dr,Admin/Legal/Special,38.9924384,-76.9474152
2025-00028187,02/05/2025 10:00:00,02/07/2025 - 09:22,Theft,Investigation Pending,7700 block of Alumni Dr,Property,38.9864818,-76.94900009999999
2025-00028334,02/07/2025 13:58:00,02/07/2025 - 13:58,Injured/Sick Person,CBE,7400 block of Princeton Ave,Violent/Person-Related,38.9806654,-76.93508539999999
2025-00028991,02/08/2025 03:01:00,02/08/2025 - 03:01,Injured/Sick Person,CBE,8000 block of Regents Dr,Violent/Person-Related,38.9882024,-76.94094489999999
2025-00029172,02/08/2025 00:01:00,02/08/2025 - 12:00,Vandalism,Unfounded,8100 block of La Plata Dr,Property,38.9919634,-76.94569059999999
2025-00029185,01/23/2024 10:00:00,02/08/2025 - 12:50,Other Incident,Active/Pending,4100 block of Stadium Dr,Public Safety/Suspicious,38.9905774,-76.9450332
2025-00029206,02/07/2025 14:00:00,02/08/2025 - 13:37,Theft,Warrant Issued,7500 block of Calvert Service Ln,Property,38.98228340000001,-76.9424736
2025-00029669,02/08/2025 21:40:00,02/08/2025 - 23:41,Injured/Sick Person,CBE,4600 block of Rossborough Ln,Violent/Person-Related,38.985357,-76.93538170000001
2025-00029670,02/08/2025 23:43:00,02/08/2025 - 23:43,Injured/Sick Person,CBE,4200 block of Farm Dr,Violent/Person-Related,38.9920645,-76.9437179
2025-00029737,02/09/2025 01:57:00,02/09/2025 - 01:57,DWI/DUI,Arrest,University Blvd,Substance/Impairment,39.0003743,-76.942387
2025-00029756,02/09/2025 02:29:00,02/09/2025 - 02:29,Injured/Sick Person,CBE,4600 block of Hotel Dr,Violent/Person-Related,38.9864822,-76.9355072
2025-00030115,02/09/2025 14:37:00,02/09/2025 - 14:37,Recovered Stolen Property,CBE,7500 block of Regents Dr,Property,38.982448,-76.9391028
2025-00030120,02/08/2025 19:00:00,02/09/2025 - 15:21,Theft,Investigation Pending,8000 block of Hagerstown Dr,Property,38.992392,-76.9477236
2025-00030128,02/09/2025 12:00:00,02/09/2025 - 15:31,Theft,Investigation Pending,8500 block of Paint Branch Dr,Property,38.994996,-76.94044699999999
2025-00030333,02/09/2025 22:30:00,02/09/2025 - 22:49,Damage to State Property,CBE,4000 block of Stadium Dr,Property,38.9924384,-76.9474152
2025-00030527,02/10/2025 02:26:00,02/10/2025 - 02:26,DWI/DUI,Arrest,Adelphi Rd,Substance/Impairment,38.9943278,-76.9603365
2025-00031095,02/10/2025 11:15:00,02/10/2025 - 13:12,Theft,Unfounded,4100 block of Campus Dr,Property,38.9875851,-76.942092
2025-00031300,02/10/2025 16:55:00,02/10/2025 - 17:01,Injured/Sick Person,CBE,4100 block of Stadium Dr,Violent/Person-Related,38.9905774,-76.9450332
2025-00031401,02/10/2025 18:38:00,02/10/2025 - 20:13,Suspicious Activity,CBE,3900 block of Denton Service Ln,Public Safety/Suspicious,38.9933705,-76.9496929
2025-00031428,02/09/2025 00:00:00,02/10/2025 - 21:08,Sex Offense,Unfounded,3900 block of Denton Service Ln,Violent/Person-Related,38.9933705,-76.9496929
2025-00032211,02/11/2025 13:45:00,02/11/2025 - 15:35,Theft,Investigation Pending,8500 block of Paint Branch Dr,Property,38.994996,-76.94044699999999
2025-00032373,02/11/2025 17:00:00,02/11/2025 - 17:16,Other Incident,CBE,4200 block of Valley Dr,Public Safety/Suspicious,38.993454,-76.9431565
2025-00032388,02/11/2025 17:51:00,02/11/2025 - 17:51,Disorderly Conduct,CBE,College Ave,Substance/Impairment,38.9804531,-76.9303288
2025-00032424,02/11/2025 20:10:00,02/11/2025 - 20:57,Injured/Sick Person,CBE,8100 block of La Plata Dr,Violent/Person-Related,38.9919634,-76.94569059999999
2025-00032432,02/11/2025 22:50:00,02/11/2025 - 22:50,Vandalism,Investigation Pending,3900 block of Denton Service Ln,Property,38.9933705,-76.9496929
2025-00032436,02/11/2025 17:00:00,02/11/2025 - 22:53,Injured/Sick Person,CBE,7500 block of Baltimore Ave,Violent/Person-Related,38.9824648,-76.9381235
2025-00032537,02/12/2025 09:30:00,02/12/2025 - 10:12,Injured/Sick Person,CBE,7500 block of Calvert Service Ln,Violent/Person-Related,38.98228340000001,-76.9424736
2025-00032721,02/12/2025 16:42:00,02/12/2025 - 16:42,Injured/Sick Person,CBE,4200 block of Farm Dr,Violent/Person-Related,38.9920645,-76.9437179
2025-00034247,02/14/2025 00:12:00,02/14/2025 - 00:12,Warrant/Summons Service,Arrest,University Blvd,Admin/Legal/Special,39.0003743,-76.942387
2025-00034303,02/14/2025 01:20:00,02/14/2025 - 01:20,Injured/Sick Person,CBE,4000 block of Stadium Dr,Violent/Person-Related,38.9924384,-76.9474152
2025-00034306,02/14/2025 01:30:00,02/14/2025 - 01:30,DWI/DUI,Arrest,Adelphi Rd,Substance/Impairment,38.9943278,-76.9603365
2025-00034487,02/14/2025 05:23:00,02/14/2025 - 05:23,Damaged Property,CBE,7100 block of Preinkert Dr,Property,38.9838922,-76.9451479
2025-00034681,02/14/2025 11:57:00,02/14/2025 - 11:57,Emergency Petition,CBE,4300 block of Knox Rd,Public Safety/Suspicious,38.9814976,-76.9423889
2025-00034695,02/14/2025 13:00:00,02/14/2025 - 13:11,Damage to State Property,CBE,8000 block of Regents Dr,Property,38.9882024,-76.94094489999999
2025-00034986,02/14/2025 20:57:00,02/14/2025 - 21:08,Assist Other Agency,Active/Pending,8200 block of Baltimore Ave,Public Safety/Suspicious,38.9920829,-76.933889
2025-00035052,02/14/2025 22:27:00,02/14/2025 - 22:27,Weapon Violation,Arrest,8100 block of Baltimore Ave,Admin/Legal/Special,38.9887708,-76.9352643
2025-00035547,02/15/2025 01:30:00,02/15/2025 - 10:42,Assist Other Agency,CBE,8400 block of Baltimore Ave,Public Safety/Suspicious,38.99372169999999,-76.93328919999999
2025-00035900,02/16/2025 00:01:00,02/16/2025 - 00:01,Injured/Sick Person,CBE,4300 block of Knox Rd,Violent/Person-Related,38.9814976,-76.9423889
2025-00035909,02/16/2025 00:09:00,02/16/2025 - 00:13,Warrant/Summons Service,Arrest,Baltimore Ave,Admin/Legal/Special,38.9977211,-76.9315755
2025-00036014,02/16/2025 02:17:00,02/16/2025 - 02:22,Assist Other Agency,CBE,4700 block of Berwyn House Rd,Public Safety/Suspicious,38.992316,-76.9317686
2025-00036018,02/16/2025 02:45:00,02/16/2025 - 02:45,DWI/DUI,Arrest,Adelphi Rd,Substance/Impairment,38.9943278,-76.9603365
2025-00036045,02/16/2025 04:41:00,02/16/2025 - 04:41,Emergency Petition,CBE,3900 block of Denton Service Ln,Public Safety/Suspicious,38.9933705,-76.9496929
2025-00036311,07/01/2023 00:00:00,02/16/2025 - 14:12,Other Incident,CBE,8000 block of Boteler Ln,Public Safety/Suspicious,39.002949,-76.94182599999999
2025-00036351,02/16/2025 16:04:00,02/16/2025 - 16:04,Injured/Sick Person,CBE,8500 block of Paint Branch Dr,Violent/Person-Related,38.994996,-76.94044699999999
2025-00036386,02/16/2025 16:29:00,02/16/2025 - 16:29,Other Incident,CBE,Regents Dr,Public Safety/Suspicious,38.9874837,-76.9404045
2025-00036436,02/16/2025 17:13:00,02/16/2025 - 17:13,Dept Property Damage/Loss,CBE,Lot 11b,Property,38.9936563,-76.9363982
2025-00036653,02/16/2025 23:19:00,02/16/2025 - 23:19,Injured/Sick Person,CBE,8100 block of La Plata Dr,Violent/Person-Related,38.9919634,-76.94569059999999
2025-00036694,02/17/2025 00:58:00,02/17/2025 - 00:58,Vandalism,Investigation Pending,7500 block of Mowatt Ln,Property,38.9821066,-76.94979119999999
2025-00036724,02/17/2025 01:23:00,02/17/2025 - 01:23,Emergency Petition,CBE,6900 block of Preinkert Dr,Public Safety/Suspicious,38.981993,-76.94486630000002
2025-00036749,02/17/2025 02:25:00,02/17/2025 - 02:25,Assist Other Agency,Active/Pending,8000 block of Boteler Ln,Public Safety/Suspicious,39.002949,-76.94182599999999
2025-00036917,02/15/2025 00:00:00,02/17/2025 - 07:24,Vandalism,Investigation Pending,8200 block of Paint Branch Dr,Property,38.9899408,-76.9372626
2025-00036977,02/14/2025 05:26:00,02/17/2025 - 08:18,Theft from Auto,Investigation Pending,5600 block of Rivertech Ct,Property,38.9674473,-76.9299309
2025-00037069,02/17/2025 09:30:00,02/17/2025 - 10:17,Injured/Sick Person,CBE,4200 block of Valley Dr,Violent/Person-Related,38.993454,-76.9431565
2025-00037132,01/21/2025 12:00:00,02/17/2025 - 11:37,Dept Property Damage/Loss,CBE,7500 block of Baltimore Ave,Property,38.9824648,-76.9381235
2025-00037198,02/06/2025 20:05:00,02/17/2025 - 14:06,Suspicious Activity,Investigation Pending,8000 block of Regents Dr,Public Safety/Suspicious,38.9882024,-76.94094489999999
2025-00037316,02/17/2025 12:15:00,02/17/2025 - 16:44,Vandalism,Investigation Pending,Lot 4B,Property,38.9972118,-76.94089989999999
2025-00037338,02/17/2025 15:00:00,02/17/2025 - 17:18,Lost Property,CBE,8300 block of Baltimore Ave,Property,38.9924581,-76.9336071
2025-00038021,02/03/2025 12:37:00,02/18/2025 - 11:20,Theft,Investigation Pending,6900 block of Preinkert Dr,Property,38.981993,-76.94486630000002
2025-00038424,02/18/2025 17:00:00,02/18/2025 - 21:04,Fraud,Investigation Pending,3400 block of Tulane Dr,Property,38.9848973,-76.9585598
2025-00038701,02/19/2025 01:50:00,02/19/2025 - 01:50,DWI/DUI,Arrest,Stadium Dr,Substance/Impairment,38.9905666,-76.9445737
2025-00038942,02/18/2025 19:15:00,02/19/2025 - 09:26,Lost Property,CBE,4100 block of Campus Dr,Property,38.9875851,-76.942092
2025-00039024,02/01/2025 06:00:00,02/19/2025 - 12:35,Theft from Auto,Investigation Pending,"Lot J1, Police Impound Lot",Property,38.9828969,-76.9312661
2025-00039321,02/19/2025 17:30:00,02/19/2025 - 18:30,Injured/Sick Person,CBE,8000 block of Hagerstown Dr,Violent/Person-Related,38.992392,-76.9477236
2025-00039402,02/19/2025 21:39:00,02/19/2025 - 21:39,Injured/Sick Person,CBE,4100 block of Campus Dr,Violent/Person-Related,38.9875851,-76.942092
2025-00040031,02/20/2025 11:15:00,02/20/2025 - 11:15,Injured/Sick Person,CBE,Anacostia Building at 1 Physics Ellipse,Violent/Person-Related,38.9715874,-76.9299364
2025-00040057,02/20/2025 12:00:00,02/20/2025 - 12:50,Suspicious Activity,CBE,3900 block of Campus Dr,Public Safety/Suspicious,38.98595479999999,-76.94751149999999
2025-00040066,12/01/2024 07:00:00,02/20/2025 - 13:33,Harassment/Stalking,Investigation Pending,7800 block of Regents Dr,Violent/Person-Related,38.9848025,-76.9401137
2025-00040079,02/20/2025 14:00:00,02/20/2025 - 16:28,Theft,Investigation Pending,3800 block of Campus Dr,Property,38.98481719999999,-76.94907789999999
2025-00040080,02/20/2025 16:32:00,02/20/2025 - 16:32,Assault,Arrest,7600 block of Library Ln,Violent/Person-Related,38.9867114,-76.9451097
2025-00040297,02/20/2025 20:30:00,02/20/2025 - 20:42,Assist Other Agency,CBE,Baltimore Ave,Public Safety/Suspicious,38.9977211,-76.9315755
2025-00040300,02/20/2025 21:00:00,02/20/2025 - 21:11,Accident,Investigation Pending,Paint Branch Dr,Public Safety/Suspicious,38.9936058,-76.9373043
2025-00040353,02/20/2025 18:00:00,02/20/2025 - 23:06,Theft,Unfounded,3900 block of Campus Dr,Property,38.98595479999999,-76.94751149999999
2025-00040860,02/21/2025 08:25:00,02/21/2025 - 08:34,Injured/Sick Person,CBE,4200 block of Farm Dr,Violent/Person-Related,38.9920645,-76.9437179
2025-00041256,02/21/2025 19:27:00,02/21/2025 - 19:27,Injured/Sick Person,CBE,4600 block of Hotel Dr,Violent/Person-Related,38.9864822,-76.9355072
2025-00041383,02/21/2025 22:42:00,02/21/2025 - 22:42,Emergency Petition,CBE,3900 block of Campus Dr,Public Safety/Suspicious,38.98595479999999,-76.94751149999999
2025-00041519,02/22/2025 00:50:00,02/22/2025 - 00:59,Injured/Sick Person,CBE,8000 block of La Plata Dr,Violent/Person-Related,38.9919634,-76.94569059999999
2025-00041574,02/22/2025 02:11:00,02/22/2025 - 02:11,Injured/Sick Person,CBE,8500 block of Boteler Ln,Violent/Person-Related,39.0029545,-76.9427906
2025-00041582,02/22/2025 02:31:00,02/22/2025 - 02:31,DWI/DUI,Arrest,Lot F,Substance/Impairment,38.9896967,-76.93776
2025-00042138,02/22/2025 17:55:00,02/22/2025 - 17:57,Injured/Sick Person,CBE,4100 block of Valley Dr,Violent/Person-Related,38.9929461,-76.9441777
2025-00042198,02/22/2025 19:50:00,02/22/2025 - 19:54,Injured/Sick Person,CBE,4100 block of Valley Dr,Violent/Person-Related,38.9929461,-76.9441777
2025-00042313,02/22/2025 22:15:00,02/22/2025 - 22:15,Emergency Petition,CBE,7000 block of Preinkert Dr,Public Safety/Suspicious,38.9830028,-76.9449015
2025-00042392,02/23/2025 01:00:00,02/23/2025 - 01:00,Injured/Sick Person,CBE,4500 block of Knox Rd,Violent/Person-Related,38.9809186,-76.93696100000001
2025-00042441,02/23/2025 01:50:00,02/23/2025 - 01:50,DWI/DUI,Arrest,Baltimore Ave,Substance/Impairment,38.9977211,-76.9315755
2025-00042461,02/23/2025 02:28:00,02/23/2025 - 02:28,Domestic,CBE,8000 block of Boteler Ln,Violent/Person-Related,39.002949,-76.94182599999999
2025-00042477,02/23/2025 03:49:00,02/23/2025 - 03:49,DWI/DUI,Arrest,University Blvd,Substance/Impairment,39.0003743,-76.942387
2025-00042479,02/23/2025 04:00:00,02/23/2025 - 04:00,Injured/Sick Person,CBE,7000 block of Preinkert Dr,Violent/Person-Related,38.9830028,-76.9449015
2025-00042618,02/23/2025 09:40:00,02/23/2025 - 09:46,Injured/Sick Person,CBE,7600 block of Regents Dr,Violent/Person-Related,38.982614,-76.9394962
2025-00042979,02/21/2025 23:30:00,02/23/2025 - 19:09,Assist Other Agency,Active/Pending,7300 block of Baltimore Ave,Public Safety/Suspicious,38.9798471,-76.938289
2025-00043005,02/23/2025 00:00:00,02/23/2025 - 20:17,Vandalism,Unfounded,3900 block of Denton Service Ln,Property,38.9933705,-76.9496929
2025-00043099,02/23/2025 22:45:00,02/23/2025 - 22:56,Other Incident,CBE,4100 block of Union Ln,Public Safety/Suspicious,38.9886161,-76.94536180000001
2025-00043130,02/23/2025 23:37:00,02/23/2025 - 23:37,Trespassing,Arrest,3900 block of Campus Dr,Public Safety/Suspicious,38.98595479999999,-76.94751149999999
2025-00043762,01/28/2025 17:30:00,02/24/2025 - 11:41,Theft,Investigation Pending,4100 block of Valley Dr,Property,38.9929461,-76.9441777
2025-00043881,02/24/2025 14:26:00,02/24/2025 - 14:26,Theft,Arrest,8400 block of Boteler Ln,Property,39.0020587,-76.94301569999999
2025-00043946,02/24/2025 17:35:00,02/24/2025 - 17:35,Damage to State Property,Active/Pending,7500 block of Yale Ave,Property,38.9817875,-76.9362829
2025-00043976,02/24/2025 20:40:00,02/24/2025 - 20:40,Reckless Endangerment,Arrest,7300 block of Baltimore Ave,Substance/Impairment,38.9798471,-76.938289
2025-00043989,02/24/2025 21:28:00,02/24/2025 - 21:28,Damaged Property,CBE,"Capital One Field, Football Stadium, SECU Stadium",Property,38.9902668,-76.9472423
2025-00044377,02/25/2025 08:14:00,02/25/2025 - 08:14,Injured/Sick Person,CBE,4100 block of Stadium Dr,Violent/Person-Related,38.9905774,-76.9450332
2025-00044667,02/25/2025 12:07:00,02/25/2025 - 12:07,Suspicious Person/Auto,CBE,3800 block of Stadium Dr,Public Safety/Suspicious,38.9919544,-76.95020939999999
2025-00044755,02/25/2025 14:40:00,02/25/2025 - 14:40,Indecent Exposure,Arrest,7600 block of Library Ln,Violent/Person-Related,38.9867114,-76.9451097
2025-00046715,02/25/2025 15:38:00,02/25/2025 - 15:38,Sex Offense,Arrest,3900 block of Campus Dr,Violent/Person-Related,38.98595479999999,-76.94751149999999
2025-00045294,02/26/2025 02:08:00,02/26/2025 - 02:08,Assist Other Agency,CBE,8100 block of Baltimore Ave,Public Safety/Suspicious,38.9887708,-76.9352643
2025-00045865,02/26/2025 16:48:00,02/26/2025 - 16:48,Assault,CBE,Lot 4B,Violent/Person-Related,38.9972118,-76.94089989999999
2025-00045881,02/26/2025 17:04:00,02/26/2025 - 17:04,Assist Other Agency,CBE,4300 block of Knox Rd,Public Safety/Suspicious,38.9814976,-76.9423889
2025-00045959,02/26/2025 20:10:00,02/26/2025 - 20:10,CDS Violation,CBE,8000 block of Hagerstown Dr,Substance/Impairment,38.992392,-76.9477236
2025-00045960,02/26/2025 20:13:00,02/26/2025 - 20:15,Disorderly Conduct,CBE,8500 block of Paint Branch Dr,Substance/Impairment,38.994996,-76.94044699999999
2025-00045965,02/26/2025 20:31:00,02/26/2025 - 20:31,Injured/Sick Person,CBE,8500 block of Paint Branch Dr,Violent/Person-Related,38.994996,-76.94044699999999
2025-00045966,02/26/2025 20:30:00,02/26/2025 - 20:39,Injured/Sick Person,CBE,8500 block of Paint Branch Dr,Violent/Person-Related,38.994996,-76.94044699999999
2025-00045991,02/26/2025 20:58:00,02/26/2025 - 20:58,Noise Complaint,CBE,3400 block of Tulane Dr,Public Safety/Suspicious,38.9848973,-76.9585598
2025-00046719,12/17/2024 09:00:00,02/27/2025 - 13:16,Theft,Investigation Pending,8200 block of Alumni Dr,Property,38.9902808,-76.94967799999999
2025-00046744,02/27/2025 14:34:00,02/27/2025 - 14:34,Warrant/Summons Service,Arrest,5200 block of Greenbelt Rd,Admin/Legal/Special,38.9981644,-76.9216679
2025-00046751,02/27/2025 16:06:00,02/27/2025 - 16:44,Other Incident,CBE,4000 block of Stadium Dr,Public Safety/Suspicious,38.9924384,-76.9474152
2025-00046753,02/27/2025 16:50:00,02/27/2025 - 17:25,Injured/Sick Person,CBE,4500 block of Knox Rd,Violent/Person-Related,38.9809186,-76.93696100000001
2025-00046774,02/27/2025 18:00:00,02/27/2025 - 18:03,Injured/Sick Person,CBE,4400 block of Rossborough Ln,Violent/Person-Related,38.9854581,-76.9363764
2025-00046815,02/25/2025 19:00:00,02/27/2025 - 18:19,Theft,Investigation Pending,3900 block of Campus Dr,Property,38.98595479999999,-76.94751149999999
2025-00046855,02/27/2025 16:15:00,02/27/2025 - 19:50,Theft,CBE,4000 block of Stadium Dr,Property,38.9924384,-76.9474152
2025-00046877,02/27/2025 11:30:00,02/27/2025 - 20:26,Injured/Sick Person,Active/Pending,4100 block of Terrapin Trl,Violent/Person-Related,38.99530190000001,-76.94262069999999
2025-00046975,02/27/2025 22:26:00,02/27/2025 - 22:26,Injured/Sick Person,CBE,4100 block of Valley Dr,Violent/Person-Related,38.9929461,-76.9441777
2025-00047908,02/28/2025 14:49:00,02/28/2025 - 14:49,Fire,CBE,Norwich Rd,Public Safety/Suspicious,38.9819849,-76.9314323
2025-00047938,02/28/2025 13:00:00,02/28/2025 - 16:56,Injured/Sick Person,CBE,7200 block of Preinkert Dr,Violent/Person-Related,38.9837485,-76.94514509999999
2025-00048205,02/27/2025 12:00:00,02/28/2025 - 19:40,Threat Assessment,Active/Pending,8000 block of Regents Dr,Violent/Person-Related,38.9882024,-76.94094489999999
2025-00048435,02/28/2025 23:49:00,02/28/2025 - 23:49,DWI/DUI,Arrest,University Blvd,Substance/Impairment,39.0003743,-76.942387
2025-00048476,03/01/2025 00:55:00,03/01/2025 - 01:06,Injured/Sick Person,CBE,4200 block of Valley Dr,Violent/Person-Related,38.993454,-76.9431565
2025-00048493,03/01/2025 01:50:00,03/01/2025 - 01:50,DWI/DUI,Arrest,Paint Branch Dr,Substance/Impairment,38.9936058,-76.9373043
2025-00048535,03/01/2025 03:18:00,03/01/2025 - 03:18,DWI/DUI,Arrest,University Blvd,Substance/Impairment,39.0003743,-76.942387
2025-00048942,03/01/2025 11:00:00,03/01/2025 - 14:22,Theft,Unfounded,3900 block of Campus Dr,Property,38.98595479999999,-76.94751149999999
2025-00048947,03/01/2025 14:22:00,03/01/2025 - 15:36,Trespassing,Arrest,3900 block of Campus Dr,Public Safety/Suspicious,38.98595479999999,-76.94751149999999
2025-00048948,03/01/2025 15:41:00,03/01/2025 - 15:41,Damaged Property,CBE,6900 block of Preinkert Dr,Property,38.981993,-76.94486630000002
2025-00048950,02/16/2025 16:00:00,03/01/2025 - 16:25,Theft,Investigation Pending,4000 block of Stadium Dr,Property,38.9924384,-76.9474152
2025-00049152,03/01/2025 22:51:00,03/01/2025 - 22:51,Assault,Arrest,4000 block of Stadium Dr,Violent/Person-Related,38.9924384,-76.9474152
2025-00049840,03/02/2025 20:42:00,03/02/2025 - 20:52,Injured/Sick Person,CBE,4100 block of Stadium Dr,Violent/Person-Related,38.9905774,-76.9450332
2025-00049856,03/02/2025 20:30:00,03/02/2025 - 21:37,Assist Other Agency,Active/Pending,4700 block of College Ave,Public Safety/Suspicious,38.9807923,-76.9318569
2025-00049976,03/02/2025 22:45:00,03/03/2025 - 00:15,Vandalism,Investigation Pending,4000 block of Stadium Dr,Property,38.9924384,-76.9474152
2025-00050217,03/03/2025 01:37:00,03/03/2025 - 07:22,Telephone/EMail Misuse,CBE,3800 block of Stadium Dr,Admin/Legal/Special,38.9919544,-76.95020939999999
2025-00050469,02/26/2025 16:00:00,03/03/2025 - 10:18,Theft,Arrest,4300 block of Knox Rd,Property,38.9814976,-76.9423889
2025-00051537,03/02/2025 18:00:00,03/04/2025 - 10:37,Theft from Auto,Arrest,Lot 3,Property,38.9896967,-76.93776
2025-00051461,03/03/2025 23:15:00,03/04/2025 - 11:20,Theft from Auto,Arrest,3400 block of Tulane Dr,Property,38.9848973,-76.9585598
2025-00051501,03/04/2025 13:40:00,03/04/2025 - 13:50,Injured/Sick Person,CBE,7700 block of Alumni Dr,Violent/Person-Related,38.9864818,-76.94900009999999
2025-00051562,03/04/2025 05:37:00,03/04/2025 - 16:10,Theft from Auto,Arrest,7500 block of Mowatt Ln,Property,38.9821066,-76.94979119999999
2025-00051731,03/04/2025 19:30:00,03/04/2025 - 19:30,Injured/Sick Person,CBE,8200 block of Alumni Dr,Violent/Person-Related,38.9902808,-76.94967799999999
2025-00051732,03/04/2025 19:33:00,03/04/2025 - 19:33,Injured/Sick Person,CBE,8500 block of Paint Branch Dr,Violent/Person-Related,38.994996,-76.94044699999999
2025-00051813,03/04/2025 22:33:00,03/04/2025 - 22:33,Damage to State Property,CBE,8100 block of La Plata Dr,Property,38.9919634,-76.94569059999999
2025-00051936,03/05/2025 00:25:00,03/05/2025 - 00:25,Alcohol Violation,Arrest,College Ave,Substance/Impairment,38.9804531,-76.9303288
2025-00051961,03/05/2025 01:04:00,03/05/2025 - 01:04,DWI/DUI,Arrest,Campus Dr,Substance/Impairment,38.9843452,-76.9325689
2025-00052186,03/05/2025 07:43:00,03/05/2025 - 07:43,Injured/Sick Person,CBE,4100 block of Stadium Dr,Violent/Person-Related,38.9905774,-76.9450332
2025-00052444,03/04/2025 22:42:00,03/05/2025 - 13:17,Suspicious Activity,Active/Pending,7500 block of Baltimore Ave,Public Safety/Suspicious,38.9824648,-76.9381235
2025-00052472,03/05/2025 14:00:00,03/05/2025 - 14:35,Assist Other Agency,CBE,E/b Route 50 / Rt 3 Rowe Blvd,Public Safety/Suspicious,38.9898633,-76.5087388
2025-00052614,03/05/2025 17:01:00,03/05/2025 - 17:01,Injured/Sick Person,CBE,3900 block of Campus Dr,Violent/Person-Related,38.98595479999999,-76.94751149999999
2025-00052664,03/05/2025 17:30:00,03/05/2025 - 17:50,Injured/Sick Person,Active/Pending,7700 block of Adelphi Rd,Violent/Person-Related,38.98431860000001,-76.9557727
2025-00052831,03/05/2025 19:00:00,03/05/2025 - 22:15,Dept Property Damage/Loss,CBE,7500 block of Baltimore Ave,Property,38.9824648,-76.9381235
2025-00052857,03/05/2025 22:47:00,03/05/2025 - 22:47,Alcohol Violation,Arrest,Knox Rd,Substance/Impairment,38.9807627,-76.9373827
2025-00053450,03/04/2025 07:00:00,03/06/2025 - 10:40,Assist Other Agency,CBE,9900 block of 51st Ave,Public Safety/Suspicious,39.0162703,-76.9172888
2025-00053491,03/06/2025 13:25:00,03/06/2025 - 13:25,Emergency Petition,CBE,3900 block of Campus Dr,Public Safety/Suspicious,38.98595479999999,-76.94751149999999
2025-00053600,03/06/2025 16:00:00,03/06/2025 - 17:47,Theft,Unfounded,7000 block of Preinkert Dr,Property,38.9830028,-76.9449015
2025-00053640,02/28/2025 19:00:00,03/06/2025 - 19:17,Dept Property Damage/Loss,CBE,7500 block of Baltimore Ave,Property,38.9824648,-76.9381235
2025-00053767,03/06/2025 22:44:00,03/06/2025 - 22:44,Alcohol Violation,Arrest,Princeton Ave,Substance/Impairment,38.9806654,-76.9350854
2025-00053791,03/06/2025 23:07:00,03/06/2025 - 23:07,Alcohol Violation,Arrest,College Ave,Substance/Impairment,38.9804531,-76.9303288
2025-00053804,03/06/2025 23:16:00,03/06/2025 - 23:16,Warrant/Summons Service,Arrest,University Blvd,Admin/Legal/Special,39.0003743,-76.942387
2025-00053817,03/06/2025 23:23:00,03/06/2025 - 23:23,Alcohol Violation,Arrest,College Ave,Substance/Impairment,38.9804531,-76.9303288
2025-00053839,03/07/2025 00:23:00,03/07/2025 - 00:23,Alcohol Violation,Arrest,Princeton Ave,Substance/Impairment,38.9806654,-76.9350854
2025-00053861,03/07/2025 00:49:00,03/07/2025 - 00:49,Suspicious Activity,CBE,7600 block of Regents Dr,Public Safety/Suspicious,38.982614,-76.9394962
2025-00053874,03/07/2025 01:22:00,03/07/2025 - 01:22,DWI/DUI,Arrest,University Blvd,Substance/Impairment,39.0003743,-76.942387
2025-00053978,03/07/2025 03:10:00,03/07/2025 - 03:40,Injured/Sick Person,CBE,"Alpha Sigma Phi, Frat 9 at 9 Fraternity Row",Violent/Person-Related,38.9832908,-76.9346099
2025-00054604,03/07/2025 12:15:00,03/07/2025 - 12:15,Fire,CBE,2800 block of Metzerott Rd,Public Safety/Suspicious,39.0035699,-76.959794
2025-00054631,03/07/2025 13:40:00,03/07/2025 - 13:41,Injured/Sick Person,CBE,Lot 1b,Violent/Person-Related,38.9896967,-76.93776
2025-00054687,03/07/2025 15:01:00,03/07/2025 - 15:01,Suspicious Activity,Investigation Pending,8200 block of Paint Branch Dr,Public Safety/Suspicious,38.9899408,-76.9372626
2025-00054695,02/21/2025 00:00:00,03/07/2025 - 16:42,Damage to State Property,Active/Pending,8200 block of Paint Branch Dr,Property,38.9899408,-76.9372626
2025-00055173,03/08/2025 00:27:00,03/08/2025 - 00:27,Injured/Sick Person,CBE,7500 block of Regents Dr,Violent/Person-Related,38.982448,-76.9391028
2025-00055239,03/08/2025 01:36:00,03/08/2025 - 01:36,Alarm,Investigation Pending,7400 block of Princeton Ave,Public Safety/Suspicious,38.9806654,-76.93508539999999
2025-00055243,03/08/2025 01:50:00,03/08/2025 - 01:57,Pedestrian Struck,Investigation Pending,7300 block of Baltimore Ave,Violent/Person-Related,38.9798471,-76.938289
2025-00055246,03/08/2025 00:30:00,03/08/2025 - 02:05,Injured/Sick Person,CBE,8300 block of Baltimore Ave,Violent/Person-Related,38.9924581,-76.9336071
2025-00055583,03/08/2025 04:00:00,03/08/2025 - 09:34,Assist Other Agency,Active/Pending,8100 block of 48th Ave,Public Safety/Suspicious,38.9895502,-76.9325369
2025-00055613,03/07/2025 20:00:00,03/08/2025 - 10:43,Theft,Arrest,4200 block of Lehigh Rd,Property,38.98208770000001,-76.9437792
2025-00055611,03/08/2025 10:19:00,03/08/2025 - 10:45,Assist Other Agency,CBE,University Blvd,Public Safety/Suspicious,39.0003743,-76.942387
2025-00055619,03/08/2025 11:09:00,03/08/2025 - 11:09,Suspicious Activity,CBE,8500 block of Paint Branch Dr,Public Safety/Suspicious,38.994996,-76.94044699999999
2025-00055860,03/08/2025 19:15:00,03/08/2025 - 19:23,Injured/Sick Person,CBE,4100 block of Valley Dr,Violent/Person-Related,38.9929461,-76.9441777
2025-00055865,03/08/2025 02:30:00,03/08/2025 - 19:32,Threat Assessment,CBE,4300 block of Knox Rd,Violent/Person-Related,38.9814976,-76.9423889
2025-00055890,03/08/2025 21:06:00,03/08/2025 - 21:06,Injured/Sick Person,CBE,300 block of Ehrensberger Dr,Violent/Person-Related,38.9865155,-76.9546613
2025-00055892,02/05/2025 09:00:00,03/08/2025 - 21:21,Theft,Investigation Pending,8100 block of Baltimore Ave,Property,38.9887708,-76.9352643
2025-00055923,03/08/2025 22:52:00,03/08/2025 - 22:52,Injured/Sick Person,CBE,7300 block of Preinkert Dr,Violent/Person-Related,38.9840618,-76.9456146
2025-00055952,03/08/2025 23:02:00,03/08/2025 - 23:02,Injured/Sick Person,CBE,3900 block of Denton Service Ln,Violent/Person-Related,38.9933705,-76.9496929
2025-00056097,03/09/2025 01:15:00,03/09/2025 - 01:15,DWI/DUI,Arrest,Baltimore Ave,Substance/Impairment,38.9977211,-76.9315755
2025-00056100,03/09/2025 01:08:00,03/09/2025 - 01:17,Vandalism,CBE,Knox Rd,Property,38.9807627,-76.9373827
2025-00056743,03/08/2025 11:00:00,03/09/2025 - 17:36,Theft,Active/Pending,4100 block of Valley Dr,Property,38.9929461,-76.9441777
2025-00056851,03/09/2025 16:00:00,03/09/2025 - 20:16,Vandalism,Investigation Pending,3800 block of Stadium Dr,Property,38.9919544,-76.95020939999999
2025-00056878,03/09/2025 21:54:00,03/09/2025 - 22:00,Damaged Property,Investigation Pending,6900 block of Preinkert Dr,Property,38.981993,-76.94486630000002
2025-00056880,03/09/2025 22:09:00,03/09/2025 - 22:09,Damage to State Property,CBE,4200 block of Farm Dr,Property,38.9920645,-76.9437179
2025-00056881,03/09/2025 22:10:00,03/09/2025 - 22:18,Injured/Sick Person,CBE,4100 block of Valley Dr,Violent/Person-Related,38.9929461,-76.9441777
2025-00057407,02/24/2025 08:00:00,03/10/2025 - 09:37,Vandalism,Investigation Pending,6800 block of Preinkert Dr,Property,38.981993,-76.94486630000002
2025-00057919,03/10/2025 20:36:00,03/10/2025 - 20:40,Assist Other Agency,CBE,4700 block of College Ave,Public Safety/Suspicious,38.9807923,-76.9318569
2025-00058442,02/10/2025 09:00:00,03/11/2025 - 15:37,Suspicious Activity,CBE,4100 block of Library Ln,Public Safety/Suspicious,38.9867114,-76.9451097
2025-00058444,03/11/2025 15:48:00,03/11/2025 - 15:48,Injured/Sick Person,CBE,4200 block of Farm Dr,Violent/Person-Related,38.9920645,-76.9437179
2025-00058502,03/11/2025 16:38:00,03/11/2025 - 16:35,Injured/Sick Person,CBE,3900 block of Campus Dr,Violent/Person-Related,38.98595479999999,-76.94751149999999
2025-00058664,03/11/2025 20:36:00,03/11/2025 - 20:36,Emergency Petition,CBE,3900 block of Denton Service Ln,Public Safety/Suspicious,38.9933705,-76.9496929
2025-00058724,03/11/2025 21:10:00,03/11/2025 - 22:35,Peeping Tom,Active/Pending,4100 block of Stadium Dr,Violent/Person-Related,38.9905774,-76.9450332
2025-00059503,03/12/2025 17:54:00,03/12/2025 - 17:54,Injured/Sick Person,CBE,7500 block of Baltimore Ave,Violent/Person-Related,38.9824648,-76.9381235
2025-00059660,03/12/2025 21:46:00,03/12/2025 - 21:46,Vehicle Tampering,Juvenile Arrest,3400 block of Tulane Dr,Property,38.9848973,-76.9585598
2025-00059742,03/13/2025 00:25:00,03/13/2025 - 00:25,DWI/DUI,Arrest,8900 block of Paint Branch Dr,Substance/Impairment,38.998907,-76.94159789999999
2025-00059837,03/13/2025 03:30:00,03/13/2025 - 03:30,DWI/DUI,Arrest,University Blvd,Substance/Impairment,39.0003743,-76.942387
2025-00060088,11/08/2024 16:45:00,03/13/2025 - 12:10,Injured/Sick Person,CBE,4100 block of Campus Dr,Violent/Person-Related,38.9875851,-76.942092
2025-00060114,03/13/2025 01:00:00,03/13/2025 - 13:25,Assist Other Agency,CBE,8100 block of Baltimore Ave,Public Safety/Suspicious,38.9887708,-76.9352643
2025-00060134,03/13/2025 14:17:00,03/13/2025 - 14:17,Check on the Welfare,CBE,8400 block of Baltimore Ave,Violent/Person-Related,38.99372169999999,-76.93328919999999
2025-00060177,03/13/2025 16:50:00,03/13/2025 - 16:50,Emergency Petition,CBE,3900 block of Campus Dr,Public Safety/Suspicious,38.98595479999999,-76.94751149999999
2025-00060180,03/13/2025 16:58:00,03/13/2025 - 16:58,Fire,CBE,8100 block of Chemistry Ln,Public Safety/Suspicious,38.9890619,-76.9395394
2025-00060203,03/13/2025 17:34:00,03/13/2025 - 17:34,Suspicious Activity,CBE,7600 block of Mowatt Ln,Public Safety/Suspicious,38.9829343,-76.94802539999999
2025-00060244,03/13/2025 19:00:00,03/13/2025 - 19:24,Theft,Arrest,Chapel Field,Property,38.9841457,-76.93873909999999
2025-00060297,03/13/2025 21:30:00,03/13/2025 - 21:35,Injured/Sick Person,CBE,3900 block of Campus Dr,Violent/Person-Related,38.98595479999999,-76.94751149999999
2025-00060392,03/13/2025 22:33:00,03/13/2025 - 23:04,Hate Bias Incident,CBE,7600 block of Preinkert Dr,Violent/Person-Related,38.9845297,-76.9454999
2025-00060971,03/12/2025 22:00:00,03/14/2025 - 11:07,Emergency Petition,CBE,4500 block of College Ave,Public Safety/Suspicious,38.9820624,-76.93706829999999
2025-00060977,03/14/2025 11:05:00,03/14/2025 - 11:19,Injured/Sick Person,CBE,4100 block of Campus Dr,Violent/Person-Related,38.9875851,-76.942092
2025-00060978,03/14/2025 09:00:00,03/14/2025 - 11:21,Theft,Investigation Pending,4200 block of Chapel Ln,Property,38.9846081,-76.94248370000001
2025-00060982,03/13/2025 19:00:00,03/14/2025 - 11:58,Lost Property,CBE,3800 block of Campus Dr,Property,38.98481719999999,-76.94907789999999
2025-00060996,03/14/2025 14:26:00,03/14/2025 - 14:26,Injured/Sick Person,CBE,5800 block of University Research Ct,Violent/Person-Related,38.9690945,-76.9233308
2025-00060997,03/13/2025 09:15:00,03/14/2025 - 14:43,Damage to State Property,CBE,I-95 South / Powder Mill Rd,Property,39.0183784,-76.9228497
2025-00061029,03/14/2025 10:00:00,03/14/2025 - 16:08,Lost Property,CBE,Anacostia Building at 1 Physics Ellipse,Property,38.9715874,-76.9299364
2025-00061189,03/14/2025 18:15:00,03/14/2025 - 18:22,Injured/Sick Person,CBE,8500 block of Paint Branch Dr,Violent/Person-Related,38.994996,-76.94044699999999
2025-00061289,03/14/2025 20:24:00,03/14/2025 - 20:28,Theft,Active/Pending,4200 block of Stadium Dr,Property,38.9905735,-76.94362029999999
2025-00061631,03/15/2025 02:43:00,03/15/2025 - 02:43,Assist Other Agency,CBE,8100 block of Baltimore Ave,Public Safety/Suspicious,38.9887708,-76.9352643
2025-00062305,03/13/2025 13:30:00,03/15/2025 - 21:18,Theft,Unfounded,3900 block of Campus Dr,Property,38.98595479999999,-76.94751149999999
2025-00062458,03/15/2025 23:52:00,03/15/2025 - 23:52,DWI/DUI,Arrest,Baltimore Ave,Substance/Impairment,38.9977211,-76.9315755
2025-00062473,03/16/2025 00:32:00,03/16/2025 - 00:32,DWI/DUI,Arrest,University Blvd,Substance/Impairment,39.0003743,-76.942387
2025-00062485,03/09/2025 08:11:00,03/16/2025 - 00:50,Damage to State Property,CBE,4100 block of Terrapin Trl,Property,38.99530190000001,-76.94262069999999
2025-00062571,03/16/2025 02:39:00,03/16/2025 - 02:39,DWI/DUI,Arrest,University Blvd,Substance/Impairment,39.0003743,-76.942387
2025-00063012,03/14/2025 21:00:00,03/16/2025 - 12:52,Assist Other Agency,CBE,4300 block of Knox Rd,Public Safety/Suspicious,38.9814976,-76.9423889
2025-00063172,03/16/2025 16:04:00,03/16/2025 - 16:04,Recovered Stolen Property,Arrest,7500 block of Mowatt Ln,Property,38.9821066,-76.94979119999999
2025-00063422,03/16/2025 21:24:00,03/16/2025 - 23:10,Dept Property Damage/Loss,CBE,Stanley R. Zupnick Hall at 8184 Paint Branch Dr,Property,38.9899043,-76.93767550000001
2025-00063612,03/17/2025 01:29:00,03/17/2025 - 01:29,DWI/DUI,Arrest,University Blvd,Substance/Impairment,39.0003743,-76.942387
2025-00063613,03/17/2025 01:29:00,03/17/2025 - 01:29,DWI/DUI,Arrest,Adelphi Rd,Substance/Impairment,38.9943278,-76.9603365
2025-00063978,03/17/2025 12:43:00,03/17/2025 - 12:43,Damage to State Property,CBE,7500 block of Baltimore Ave,Property,38.9824648,-76.9381235
2025-00064495,03/17/2025 22:54:00,03/17/2025 - 22:54,DWI/DUI,Arrest,University Blvd,Substance/Impairment,39.0003743,-76.942387
2025-00065844,03/19/2025 11:38:00,03/19/2025 - 11:41,Injured/Sick Person,CBE,7300 block of Baltimore Ave,Violent/Person-Related,38.9798471,-76.938289
2025-00065907,03/18/2025 14:30:00,03/19/2025 - 13:52,Extortion,Investigation Pending,4300 block of Rowalt Dr,Admin/Legal/Special,38.9791063,-76.9413939
2025-00066919,03/20/2025 16:52:00,03/20/2025 - 16:52,Alarm,CBE,4400 block of Stadium Dr,Public Safety/Suspicious,38.9901705,-76.9391697
2025-00066947,03/20/2025 17:45:00,03/20/2025 - 17:45,Trespassing,CBE,300 block of Ehrensberger Dr,Public Safety/Suspicious,38.9865155,-76.9546613
2025-00067647,03/20/2025 23:30:00,03/21/2025 - 12:13,Assist Other Agency,CBE,8100 block of Baltimore Ave,Public Safety/Suspicious,38.9887708,-76.9352643
2025-00067822,03/19/2025 14:00:00,03/21/2025 - 17:22,Theft,Unfounded,8200 block of Paint Branch Dr,Property,38.9899408,-76.9372626
2025-00068063,03/15/2025 05:00:00,03/21/2025 - 21:22,Theft,Investigation Pending,6900 block of Preinkert Dr,Property,38.981993,-76.94486630000002
2025-00068258,03/22/2025 00:52:00,03/22/2025 - 00:52,DWI/DUI,Arrest,University Blvd,Substance/Impairment,39.0003743,-76.942387
2025-00068634,03/22/2025 12:20:00,03/22/2025 - 12:20,Injured/Sick Person,CBE,"Capital One Field, Football Stadium, SECU Stadium",Violent/Person-Related,38.9902668,-76.9472423
2025-00068716,03/22/2025 16:55:00,03/22/2025 - 16:55,Injured/Sick Person,CBE,8500 block of Paint Branch Dr,Violent/Person-Related,38.994996,-76.94044699999999
2025-00068759,03/22/2025 18:08:00,03/22/2025 - 18:08,Assault,CBE,8500 block of Paint Branch Dr,Violent/Person-Related,38.994996,-76.94044699999999
2025-00068923,03/22/2025 19:29:00,03/22/2025 - 20:14,Injured/Sick Person,CBE,4300 block of Rowalt Dr,Violent/Person-Related,38.9791063,-76.9413939
2025-00069101,03/22/2025 23:22:00,03/22/2025 - 23:22,DWI/DUI,Arrest,Baltimore Ave,Substance/Impairment,38.9977211,-76.9315755
2025-00069295,03/23/2025 03:50:00,03/23/2025 - 03:50,DWI/DUI,Arrest,Baltimore Ave,Substance/Impairment,38.9977211,-76.9315755
2025-00069631,03/23/2025 12:15:00,03/23/2025 - 12:15,Assist Other Agency,CBE,4300 block of Knox Rd,Public Safety/Suspicious,38.9814976,-76.9423889
2025-00069654,03/21/2025 15:00:00,03/23/2025 - 13:14,Other Incident,Investigation Pending,7500 block of Baltimore Ave,Public Safety/Suspicious,38.9824648,-76.9381235
2025-00069660,03/22/2025 12:00:00,03/23/2025 - 13:40,Assist Other Agency,CBE,7500 block of Dartmouth Ave,Public Safety/Suspicious,38.9810609,-76.93010679999999
2025-00069958,03/14/2025 18:00:00,03/23/2025 - 20:18,Theft,Investigation Pending,7500 block of Yale Ave,Property,38.9817875,-76.9362829
2025-00070338,03/24/2025 08:20:00,03/24/2025 - 08:39,Sex Offense,Arrest,8100 block of Paint Branch Dr,Violent/Person-Related,38.9890055,-76.9368496
2025-00070830,03/24/2025 19:00:00,03/24/2025 - 19:22,Injured/Sick Person,CBE,Stadium Dr,Violent/Person-Related,38.9905666,-76.9445737
2025-00070852,03/24/2025 20:33:00,03/24/2025 - 20:33,Injured/Sick Person,CBE,4200 block of Campus Dr,Violent/Person-Related,38.9878677,-76.9388881
2025-00071091,03/25/2025 01:41:00,03/25/2025 - 01:41,DWI/DUI,Arrest,Adelphi Rd,Substance/Impairment,38.9943278,-76.9603365
2025-00071325,03/25/2025 09:10:00,03/25/2025 - 09:14,Injured/Sick Person,CBE,3900 block of Campus Dr,Violent/Person-Related,38.98595479999999,-76.94751149999999
2025-00071346,03/25/2025 09:30:00,03/25/2025 - 09:41,Suspicious Activity,CBE,Lot 3,Public Safety/Suspicious,38.9896967,-76.93776
2025-00071731,03/25/2025 18:59:00,03/25/2025 - 18:59,Assist Other Agency,CBE,4300 block of Knox Rd,Public Safety/Suspicious,38.9814976,-76.9423889
2025-00071927,03/25/2025 23:51:00,03/25/2025 - 23:51,DWI/DUI,Arrest,Baltimore Ave,Substance/Impairment,38.9977211,-76.9315755
2025-00071969,03/26/2025 01:28:00,03/26/2025 - 01:28,Injured/Sick Person,CBE,8000 block of Hagerstown Dr,Violent/Person-Related,38.992392,-76.9477236
2025-00072307,03/20/2025 03:37:00,03/26/2025 - 11:57,Other Incident,CBE,3900 block of Campus Dr,Public Safety/Suspicious,38.98595479999999,-76.94751149999999
2025-00072412,03/26/2025 15:22:00,03/26/2025 - 15:25,Pedestrian Struck,CBE,Paint Branch Dr,Violent/Person-Related,38.9936058,-76.9373043
2025-00072528,03/26/2025 09:45:00,03/26/2025 - 17:09,Other Incident,CBE,4200 block of Campus Dr,Public Safety/Suspicious,38.9878677,-76.9388881
2025-00072563,03/25/2025 21:00:00,03/26/2025 - 17:29,Assist Other Agency,CBE,7300 block of Baltimore Ave,Public Safety/Suspicious,38.9798471,-76.938289
2025-00073400,03/26/2025 12:02:00,03/27/2025 - 14:36,Identity Theft,Investigation Pending,3400 block of Tulane Dr,Property,38.9848973,-76.9585598
2025-00073413,03/27/2025 14:10:00,03/27/2025 - 15:02,Assist Other Agency,CBE,8200 block of Baltimore Ave,Public Safety/Suspicious,38.9920829,-76.933889
2025-00073568,03/27/2025 19:50:00,03/27/2025 - 19:50,Other Incident,CBE,7500 block of Baltimore Ave,Public Safety/Suspicious,38.9824648,-76.9381235
2025-00074322,03/28/2025 07:23:00,03/28/2025 - 07:23,Injured/Sick Person,CBE,7600 block of Library Ln,Violent/Person-Related,38.9867114,-76.9451097
2025-00074376,03/28/2025 07:15:00,03/28/2025 - 08:59,Other Incident,CBE,7500 block of Baltimore Ave,Public Safety/Suspicious,38.9824648,-76.9381235
2025-00074584,03/28/2025 14:00:00,03/28/2025 - 16:08,Dept Property Damage/Loss,Active/Pending,7500 block of Baltimore Ave,Property,38.9824648,-76.9381235
2025-00074974,03/28/2025 22:55:00,03/28/2025 - 22:55,Suspicious Activity,Investigation Pending,8900 block of Paint Branch Dr,Public Safety/Suspicious,38.998907,-76.94159789999999
2025-00075184,03/28/2025 23:00:00,03/29/2025 - 01:30,Injured/Sick Person,CBE,8000 block of Hagerstown Dr,Violent/Person-Related,38.992392,-76.9477236
2025-00075592,03/28/2025 00:00:00,03/29/2025 - 14:28,Vandalism,Active/Pending,8100 block of Baltimore Ave,Property,38.9887708,-76.9352643
2025-00075610,03/19/2025 09:00:00,03/29/2025 - 16:59,Theft,Investigation Pending,"Frat 7, Lambda Chi Alpha Fraternity at 7 Fraternity Row",Property,38.9839381,-76.9340374
2025-00075652,03/29/2025 19:00:00,03/29/2025 - 19:40,Assist Other Agency,CBE,4200 block of Knox Rd,Public Safety/Suspicious,38.9805635,-76.941801
2025-00076003,03/30/2025 00:29:00,03/30/2025 - 00:29,Injured/Sick Person,CBE,College Ave,Violent/Person-Related,38.9804531,-76.9303288
2025-00076093,03/30/2025 01:36:00,03/30/2025 - 01:36,Injured/Sick Person,CBE,4500 block of College Ave,Violent/Person-Related,38.9820624,-76.93706829999999
2025-00076110,03/30/2025 02:52:00,03/30/2025 - 02:52,Injured/Sick Person,CBE,4200 block of Valley Dr,Violent/Person-Related,38.993454,-76.9431565
2025-00076179,03/30/2025 05:13:00,03/30/2025 - 05:13,Injured/Sick Person,CBE,6900 block of Preinkert Dr,Violent/Person-Related,38.981993,-76.94486630000002
2025-00076393,03/30/2025 10:48:00,03/30/2025 - 10:48,DWI/DUI,Arrest,Campus Dr,Substance/Impairment,38.9843452,-76.9325689
2025-00076535,03/30/2025 03:30:00,03/30/2025 - 16:35,Injured/Sick Person,CBE,8200 block of Alumni Dr,Violent/Person-Related,38.9902808,-76.94967799999999
2025-00076614,03/30/2025 18:14:00,03/30/2025 - 18:18,Injured/Sick Person,CBE,4100 block of Valley Dr,Violent/Person-Related,38.9929461,-76.9441777
2025-00076804,03/30/2025 22:30:00,03/30/2025 - 22:30,Injured/Sick Person,CBE,"Recreation Artificial Turf Field, Turf Field, Turf Fields",Violent/Person-Related,38.9896967,-76.93776
2025-00076864,03/30/2025 20:30:00,03/30/2025 - 23:18,Vandalism,Investigation Pending,4000 block of Stadium Dr,Property,38.9924384,-76.9474152
2025-00076996,03/29/2025 09:28:00,03/31/2025 - 02:51,Vandalism,Active/Pending,3800 block of Stadium Dr,Property,38.9919544,-76.95020939999999
2025-00077001,03/31/2025 03:12:00,03/31/2025 - 03:22,Injured/Sick Person,CBE,8000 block of La Plata Dr,Violent/Person-Related,38.9919634,-76.94569059999999
2025-00077101,03/31/2025 07:16:00,03/31/2025 - 07:16,Injured/Sick Person,CBE,7400 block of Princeton Ave,Violent/Person-Related,38.9806654,-76.93508539999999
2025-00077251,03/31/2025 00:00:00,03/31/2025 - 11:05,Other Incident,CBE,7500 block of Baltimore Ave,Public Safety/Suspicious,38.9824648,-76.9381235
2025-00077453,03/31/2025 17:30:00,03/31/2025 - 17:48,Emergency Petition,CBE,3900 block of Campus Dr,Public Safety/Suspicious,38.98595479999999,-76.94751149999999
2025-00077484,03/31/2025 19:10:00,03/31/2025 - 19:31,Fire,CBE,3900 block of Denton Service Ln,Public Safety/Suspicious,38.9933705,-76.9496929
2025-00077969,04/01/2025 07:28:00,04/01/2025 - 07:28,Suspicious Activity,CBE,7500 block of Baltimore Ave,Public Safety/Suspicious,38.9824648,-76.9381235
2025-00078127,03/29/2025 22:00:00,04/01/2025 - 11:44,Assist Other Agency,CBE,4300 block of Knox Rd,Public Safety/Suspicious,38.9814976,-76.9423889
2025-00078130,03/28/2025 18:00:00,04/01/2025 - 12:02,Stolen Motor Vehicle,Arrest,Lot 11b,Property,38.9936563,-76.9363982
2025-00078387,04/01/2025 16:42:00,04/01/2025 - 16:42,Other Incident,CBE,7400 block of Baltimore Ave,Public Safety/Suspicious,38.9809826,-76.938134
2025-00078509,04/01/2025 17:12:00,04/01/2025 - 21:03,Theft,Unfounded,Lot 2a,Property,38.9896967,-76.93776
2025-00078623,04/01/2025 23:34:00,04/01/2025 - 23:34,Injured/Sick Person,CBE,4300 block of Knox Rd,Violent/Person-Related,38.9814976,-76.9423889
2025-00078637,04/01/2025 23:23:00,04/01/2025 - 23:41,Injured/Sick Person,CBE,4200 block of Valley Dr,Violent/Person-Related,38.993454,-76.9431565
2025-00078971,04/02/2025 05:45:00,04/02/2025 - 07:37,Injured/Sick Person,CBE,3900 block of Denton Service Ln,Violent/Person-Related,38.9933705,-76.9496929
2025-00079231,04/02/2025 14:30:00,04/02/2025 - 14:40,Emergency Petition,CBE,3900 block of Denton Service Ln,Public Safety/Suspicious,38.9933705,-76.9496929
2025-00079548,04/02/2025 21:00:00,04/02/2025 - 22:05,Injured/Sick Person,CBE,7100 block of Preinkert Dr,Violent/Person-Related,38.9838922,-76.9451479
2025-00079658,04/03/2025 00:34:00,04/03/2025 - 00:34,DWI/DUI,Arrest,Adelphi Rd,Substance/Impairment,38.9943278,-76.9603365
2025-00079989,04/03/2025 08:47:00,04/03/2025 - 08:47,Injured/Sick Person,CBE,Regents Dr,Violent/Person-Related,38.9874837,-76.9404045
2025-00080046,10/24/2024 15:13:00,04/03/2025 - 10:11,Recovered Stolen Motor Vehicle,Active/Pending,7000 block of 52nd Ave,Property,38.975845,-76.9240925
2025-00080092,04/02/2025 12:00:00,04/03/2025 - 11:28,Theft,Summons Issued,3900 block of Denton Service Ln,Property,38.9933705,-76.9496929
2025-00080176,04/03/2025 14:29:00,04/03/2025 - 14:29,Injured/Sick Person,CBE,7300 block of Preinkert Dr,Violent/Person-Related,38.9840618,-76.9456146
2025-00080328,04/03/2025 18:43:00,04/03/2025 - 18:43,Assist Other Agency,CBE,Baltimore Ave,Public Safety/Suspicious,38.9977211,-76.9315755
2025-00080349,04/03/2025 15:00:00,04/03/2025 - 19:04,Theft,Active/Pending,7600 block of Preinkert Dr,Property,38.9845297,-76.9454999
2025-00080612,04/04/2025 00:15:00,04/04/2025 - 00:15,Trespassing,CBE,Stanley R. Zupnick Hall at 8184 Paint Branch Dr,Public Safety/Suspicious,38.9899043,-76.93767550000001
2025-00080744,04/04/2025 02:13:00,04/04/2025 - 02:16,Trespassing,CBE,8100 block of Regents Dr,Public Safety/Suspicious,38.9904589,-76.940693
2025-00081086,03/31/2025 07:20:00,04/04/2025 - 09:54,Dept Property Damage/Loss,Active/Pending,7500 block of Baltimore Ave,Property,38.9824648,-76.9381235
2025-00081115,04/04/2025 10:48:00,04/04/2025 - 10:48,Suspicious Person/Auto,CBE,7600 block of Baltimore Ave,Public Safety/Suspicious,38.9842035,-76.9408095
2025-00081140,04/04/2025 11:45:00,04/04/2025 - 11:49,Injured/Sick Person,CBE,4400 block of Rossborough Ln,Violent/Person-Related,38.9854581,-76.9363764
2025-00081626,04/04/2025 22:30:00,04/04/2025 - 23:34,Damage to State Property,Unfounded,7000 block of Preinkert Dr,Property,38.9830028,-76.9449015
2025-00081667,04/05/2025 00:38:00,04/05/2025 - 00:38,Emergency Petition,CBE,7500 block of Regents Dr,Public Safety/Suspicious,38.982448,-76.9391028
2025-00081673,04/05/2025 00:40:00,04/05/2025 - 00:49,Injured/Sick Person,CBE,4300 block of Knox Rd,Violent/Person-Related,38.9814976,-76.9423889
2025-00081687,04/05/2025 01:20:00,04/05/2025 - 01:20,Trespassing,CBE,3400 block of Tulane Dr,Public Safety/Suspicious,38.9848973,-76.9585598
2025-00081792,04/05/2025 00:38:00,04/05/2025 - 03:38,Suspicious Person/Auto,Active/Pending,7500 block of Regents Dr,Public Safety/Suspicious,38.982448,-76.9391028
2025-00082119,04/04/2025 16:00:00,04/05/2025 - 13:33,Assist Other Agency,Active/Pending,4200 block of Knox Rd,Public Safety/Suspicious,38.9805635,-76.941801
2025-00082756,04/06/2025 03:15:00,04/06/2025 - 03:15,DWI/DUI,Arrest,University Blvd,Substance/Impairment,39.0003743,-76.942387
2025-00082991,04/06/2025 12:55:00,04/06/2025 - 12:58,Injured/Sick Person,CBE,Knox Rd,Violent/Person-Related,38.9807627,-76.9373827
2025-00083163,04/06/2025 16:05:00,04/06/2025 - 16:54,Assist Other Agency,CBE,5000 block of Berwyn Rd,Public Safety/Suspicious,38.9949501,-76.9262688
2025-00083754,04/07/2025 09:46:00,04/07/2025 - 09:46,Warrant/Summons Service,Arrest,4200 block of Valley Dr,Admin/Legal/Special,38.993454,-76.9431565
2025-00083861,04/03/2025 07:00:00,04/07/2025 - 13:43,Theft,Investigation Pending,4100 block of Stadium Dr,Property,38.9905774,-76.9450332
2025-00083884,04/04/2025 01:30:00,04/07/2025 - 15:51,Suspicious Activity,CBE,4000 block of Stadium Dr,Public Safety/Suspicious,38.9924384,-76.9474152
2025-00083966,10/29/2024 16:15:00,04/07/2025 - 16:46,Fraud,Summons Issued,7800 block of Regents Dr,Property,38.9848025,-76.9401137
2025-00084036,10/08/2024 16:52:00,04/07/2025 - 20:26,Fraud,CBE,4100 block of Valley Dr,Property,38.9929461,-76.9441777
2025-00084037,10/14/2024 17:50:00,04/07/2025 - 20:27,Assist Other Agency,CBE,7300 block of Baltimore Ave,Public Safety/Suspicious,38.9798471,-76.938289
2025-00084067,04/07/2025 20:00:00,04/07/2025 - 21:23,Vandalism,Investigation Pending,8100 block of La Plata Dr,Property,38.9919634,-76.94569059999999
2025-00084331,04/08/2025 01:58:00,04/08/2025 - 02:01,Theft,Investigation Pending,3400 block of Tulane Dr,Property,38.9848973,-76.9585598
2025-00084478,04/08/2025 08:31:00,04/08/2025 - 08:31,Other Incident,CBE,4200 block of Lehigh Rd,Public Safety/Suspicious,38.98208770000001,-76.9437792
2025-00084553,04/03/2025 20:25:00,04/08/2025 - 10:30,Theft,Investigation Pending,8200 block of Paint Branch Dr,Property,38.9899408,-76.9372626
2025-00084671,04/08/2025 15:33:00,04/08/2025 - 15:33,Emergency Petition,CBE,4200 block of Chapel Ln,Public Safety/Suspicious,38.9846081,-76.94248370000001
2025-00085088,04/08/2025 23:59:00,04/08/2025 - 23:59,DWI/DUI,Arrest,University Blvd,Substance/Impairment,39.0003743,-76.942387
2025-00085391,04/09/2025 12:21:00,04/09/2025 - 12:24,Fire,CBE,3900 block of Campus Dr,Public Safety/Suspicious,38.98595479999999,-76.94751149999999
2025-00085451,04/09/2025 15:08:00,04/09/2025 - 15:08,Injured/Sick Person,CBE,3900 block of Campus Dr,Violent/Person-Related,38.98595479999999,-76.94751149999999
2025-00085704,04/09/2025 20:00:00,04/09/2025 - 20:49,Damage to State Property,Active/Pending,8100 block of La Plata Dr,Property,38.9919634,-76.94569059999999
2025-00085722,04/09/2025 21:44:00,04/09/2025 - 21:44,Injured/Sick Person,CBE,3900 block of Campus Dr,Violent/Person-Related,38.98595479999999,-76.94751149999999
2025-00086199,04/10/2025 09:27:00,04/10/2025 - 09:27,Other Incident,CBE,3900 block of Campus Dr,Public Safety/Suspicious,38.98595479999999,-76.94751149999999
2025-00086259,04/10/2025 09:30:00,04/10/2025 - 11:57,Telephone/EMail Misuse,CBE,4200 block of Fieldhouse Dr,Admin/Legal/Special,38.9890787,-76.9469513
2025-00086517,04/10/2025 20:39:00,04/10/2025 - 20:39,Injured/Sick Person,Active/Pending,3900 block of Campus Dr,Violent/Person-Related,38.98595479999999,-76.94751149999999
2025-00086523,04/10/2025 20:35:00,04/10/2025 - 20:45,Theft,Active/Pending,7000 block of Preinkert Dr,Property,38.9830028,-76.9449015
2025-00086524,04/10/2025 20:47:00,04/10/2025 - 20:47,Injured/Sick Person,CBE,4100 block of Valley Dr,Violent/Person-Related,38.9929461,-76.9441777
2025-00086525,04/10/2025 18:50:00,04/10/2025 - 20:49,Theft,Arrest,4200 block of Valley Dr,Property,38.993454,-76.9431565
2025-00086757,04/10/2025 23:45:00,04/10/2025 - 23:52,Domestic,CBE,7300 block of Preinkert Dr,Violent/Person-Related,38.9840618,-76.9456146
2025-00087342,04/11/2025 15:41:00,04/11/2025 - 15:41,Injured/Sick Person,CBE,4100 block of Campus Dr,Violent/Person-Related,38.9875851,-76.942092
2025-00087720,04/11/2025 23:31:00,04/11/2025 - 23:31,DWI/DUI,Arrest,University Blvd,Substance/Impairment,39.0003743,-76.942387
2025-00087817,04/12/2025 01:31:00,04/12/2025 - 01:31,Assist Other Agency,CBE,Knox Rd,Public Safety/Suspicious,38.9807627,-76.9373827
2025-00087819,04/12/2025 01:36:00,04/12/2025 - 01:36,CDS Violation,Arrest,7500 block of Mowatt Ln,Substance/Impairment,38.9821066,-76.94979119999999
2025-00087823,04/12/2025 02:26:00,04/12/2025 - 02:26,Disorderly Conduct,Arrest,3900 block of Denton Service Ln,Substance/Impairment,38.9933705,-76.9496929
2025-00088127,04/12/2025 17:09:00,04/12/2025 - 17:09,CDS Violation,Arrest,4300 block of Campus Dr,Substance/Impairment,38.9883647,-76.9373325
2025-00088131,04/12/2025 17:44:00,04/12/2025 - 19:14,Other Incident,CBE,3400 block of Tulane Dr,Public Safety/Suspicious,38.9848973,-76.9585598
2025-00088311,04/13/2025 01:03:00,04/13/2025 - 01:03,DWI/DUI,Arrest,Campus Dr,Substance/Impairment,38.9843452,-76.9325689
2025-00088477,04/13/2025 02:14:00,04/13/2025 - 02:14,Injured/Sick Person,CBE,7000 block of Preinkert Dr,Violent/Person-Related,38.9830028,-76.9449015
2025-00088597,04/12/2025 21:10:00,04/13/2025 - 06:17,Vandalism,Investigation Pending,7900 block of Regents Dr,Property,38.9861545,-76.9401512
2025-00088755,04/13/2025 11:56:00,04/13/2025 - 11:56,Assist Other Agency,CBE,4200 block of Knox Rd,Public Safety/Suspicious,38.9805635,-76.941801
2025-00088914,04/12/2025 17:00:00,04/13/2025 - 16:58,Other Incident,CBE,7500 block of Mowatt Ln,Public Safety/Suspicious,38.9821066,-76.94979119999999
2025-00089054,04/13/2025 20:41:00,04/13/2025 - 20:41,DWI/DUI,Arrest,Adelphi Rd,Substance/Impairment,38.9943278,-76.9603365
2025-00089366,04/14/2025 05:13:00,04/14/2025 - 05:13,Injured/Sick Person,CBE,7600 block of Library Ln,Violent/Person-Related,38.9867114,-76.9451097
2025-00089554,04/05/2025 14:30:00,04/14/2025 - 13:33,Vehicle Tampering,Investigation Pending,7500 block of Mowatt Ln,Property,38.9821066,-76.94979119999999
2025-00089684,04/11/2025 10:15:00,04/14/2025 - 17:31,Theft,Investigation Pending,4200 block of Lehigh Rd,Property,38.98208770000001,-76.9437792
2025-00090363,04/10/2025 10:55:00,04/15/2025 - 10:36,Theft,Investigation Pending,7600 block of Mowatt Ln,Property,38.9829343,-76.94802539999999
2025-00090428,04/15/2025 12:32:00,04/15/2025 - 12:32,Assist Other Agency,CBE,909 at 8204 Baltimore Ave,Public Safety/Suspicious,38.9924904,-76.9345975
2025-00090443,04/15/2025 15:01:00,04/15/2025 - 15:01,Injured/Sick Person,CBE,3900 block of Denton Service Ln,Violent/Person-Related,38.9933705,-76.9496929
2025-00091138,04/16/2025 07:00:00,04/16/2025 - 07:05,Assist Other Agency,CBE,8100 block of Baltimore Ave,Public Safety/Suspicious,38.9887708,-76.9352643
2025-00091284,04/12/2025 22:30:00,04/16/2025 - 10:17,Vandalism,Arrest,4100 block of Union Ln,Property,38.9886161,-76.94536180000001
2025-00091420,04/16/2025 13:45:00,04/16/2025 - 13:45,Recovered Stolen Property,Arrest,4300 block of Campus Dr,Property,38.9883647,-76.9373325
2025-00091566,04/16/2025 12:40:00,04/16/2025 - 17:10,Assault,Unfounded,4100 block of Campus Dr,Violent/Person-Related,38.9875851,-76.942092
2025-00091610,04/16/2025 15:00:00,04/16/2025 - 17:41,Theft,Summons Issued,4100 block of Union Ln,Property,38.9886161,-76.94536180000001
2025-00091680,01/01/2023 00:00:00,04/16/2025 - 20:31,Identity Theft,CBE,15000 block of Ridge Chase Ct,Property,38.9896967,-76.93776
2025-00091837,04/16/2025 23:58:00,04/17/2025 - 00:04,Injured/Sick Person,CBE,4000 block of Stadium Dr,Violent/Person-Related,38.9924384,-76.9474152
2025-00092001,04/17/2025 03:37:00,04/17/2025 - 03:37,Assist Other Agency,Active/Pending,7400 block of Dartmouth Ave,Public Safety/Suspicious,38.9794941,-76.930993
2025-00092030,04/15/2025 14:00:00,04/17/2025 - 04:35,Fraud,Investigation Pending,3900 block of Campus Dr,Property,38.98595479999999,-76.94751149999999
2025-00092328,04/17/2025 16:50:00,04/17/2025 - 16:50,Trespassing,CBE,8000 block of La Plata Dr,Public Safety/Suspicious,38.9919634,-76.94569059999999
2025-00092336,04/17/2025 17:30:00,04/17/2025 - 17:37,Trespassing,CBE,8000 block of La Plata Dr,Public Safety/Suspicious,38.9919634,-76.94569059999999
2025-00092374,04/17/2025 09:59:00,04/17/2025 - 18:27,Fraud,Arrest,4200 block of Valley Dr,Property,38.993454,-76.9431565
2025-00092382,04/16/2025 16:30:00,04/17/2025 - 19:01,Theft,Summons Issued,4100 block of Valley Dr,Property,38.9929461,-76.9441777
2025-00092740,04/18/2025 03:03:00,04/18/2025 - 03:03,Injured/Sick Person,CBE,8000 block of La Plata Dr,Violent/Person-Related,38.9919634,-76.94569059999999
2025-00093059,04/18/2025 09:10:00,04/18/2025 - 09:20,Damage to State Property,CBE,"Frat 5, Phi Kappa Tau Fraternity at 5 Fraternity Row",Property,38.9846024,-76.9346425
2025-00093173,04/18/2025 11:33:00,04/18/2025 - 12:04,Extortion,CBE,7000 block of Preinkert Dr,Admin/Legal/Special,38.9830028,-76.9449015
2025-00093187,04/18/2025 12:30:00,04/18/2025 - 12:39,Emergency Petition,CBE,4200 block of Chapel Ln,Public Safety/Suspicious,38.9846081,-76.94248370000001
2025-00093198,04/18/2025 13:20:00,04/18/2025 - 13:35,Injured/Sick Person,CBE,4300 block of Knox Rd,Violent/Person-Related,38.9814976,-76.9423889
2025-00093203,04/18/2025 13:40:00,04/18/2025 - 13:44,Suspicious Activity,CBE,Frat Row,Public Safety/Suspicious,38.984421,-76.9361904
2025-00093217,04/18/2025 14:47:00,04/18/2025 - 15:40,Assist Other Agency,Unfounded,9600 Gudelseky Dr,Public Safety/Suspicious,38.9896967,-76.93776
2025-00093443,04/18/2025 19:30:00,04/18/2025 - 19:35,Injured/Sick Person,CBE,"Capital One Field, Football Stadium, SECU Stadium",Violent/Person-Related,38.9902668,-76.9472423
2025-00093562,04/18/2025 21:34:00,04/18/2025 - 21:48,Theft,Investigation Pending,4100 block of Stadium Dr,Property,38.9905774,-76.9450332
2025-00093698,04/19/2025 00:31:00,04/19/2025 - 00:31,Assist Other Agency,CBE,4200 block of Knox Rd,Public Safety/Suspicious,38.9805635,-76.941801
2025-00093853,04/19/2025 04:04:00,04/19/2025 - 04:04,Suspicious Activity,CBE,4200 block of Knox Rd,Public Safety/Suspicious,38.9805635,-76.941801
2025-00093875,04/19/2025 05:28:00,04/19/2025 - 05:28,DWI/DUI,Arrest,8600 block of Baltimore Ave,Substance/Impairment,38.9957284,-76.9324359
2025-00094424,04/19/2025 15:50:00,04/19/2025 - 19:56,Emergency Petition,CBE,3900 block of Denton Service Ln,Public Safety/Suspicious,38.9933705,-76.9496929
2025-00094448,04/19/2025 21:58:00,04/19/2025 - 21:58,Injured/Sick Person,CBE,Baltimore Ave,Violent/Person-Related,38.9977211,-76.9315755
2025-00094670,04/20/2025 01:09:00,04/20/2025 - 01:09,DWI/DUI,Arrest,University Blvd,Substance/Impairment,39.0003743,-76.942387
2025-00094724,04/20/2025 02:00:00,04/20/2025 - 02:00,Injured/Sick Person,CBE,4400 block of Lehigh Rd,Violent/Person-Related,38.9817458,-76.9395967
2025-00094748,04/20/2025 04:03:00,04/20/2025 - 04:03,Emergency Petition,CBE,3900 block of Campus Dr,Public Safety/Suspicious,38.98595479999999,-76.94751149999999
2025-00094806,04/20/2025 06:18:00,04/20/2025 - 06:57,Injured/Sick Person,CBE,6800 block of Preinkert Dr,Violent/Person-Related,38.981993,-76.94486630000002
2025-00095682,04/21/2025 06:16:00,04/21/2025 - 06:16,Injured/Sick Person,CBE,4100 block of Stadium Dr,Violent/Person-Related,38.9905774,-76.9450332
2025-00095828,04/21/2025 08:58:00,04/21/2025 - 09:55,Dept Property Damage/Loss,CBE,I-495/exit 22,Property,39.0181902,-76.9226401
2025-00095896,04/17/2025 09:10:00,04/21/2025 - 11:31,Theft,Investigation Pending,8000 block of Regents Dr,Property,38.9882024,-76.94094489999999
2025-00095938,08/09/2024 12:00:00,04/21/2025 - 13:47,Theft,Investigation Pending,8100 block of Paint Branch Dr,Property,38.9890055,-76.9368496
2025-00095953,04/21/2025 15:24:00,04/21/2025 - 15:24,Damage to State Property,CBE,Lot W,Property,39.0313478,-76.9370865
2025-00096125,04/21/2025 09:00:00,04/21/2025 - 18:51,Theft,Investigation Pending,"Frat 5, Phi Kappa Tau Fraternity at 5 Fraternity Row",Property,38.9846024,-76.9346425
2025-00096190,04/21/2025 21:01:00,04/21/2025 - 21:01,Injured/Sick Person,CBE,7500 block of Yale Ave,Violent/Person-Related,38.9817875,-76.9362829
2025-00096546,04/22/2025 03:50:00,04/22/2025 - 08:41,Damaged Property,Unfounded,8000 block of Regents Dr,Property,38.9882024,-76.94094489999999
2025-00096793,04/22/2025 16:17:00,04/22/2025 - 16:17,Emergency Petition,CBE,4300 block of Knox Rd,Public Safety/Suspicious,38.9814976,-76.9423889
2025-00096827,04/22/2025 17:45:00,04/22/2025 - 17:45,Other Incident,CBE,4100 block of Valley Dr,Public Safety/Suspicious,38.9929461,-76.9441777
2025-00096942,04/22/2025 21:00:00,04/22/2025 - 21:08,Assist Other Agency,CBE,8100 block of Paint Branch Dr,Public Safety/Suspicious,38.9890055,-76.9368496
2025-00097056,04/22/2025 23:25:00,04/22/2025 - 23:28,Warrant/Summons Service,Arrest,Campus Dr,Admin/Legal/Special,38.9843452,-76.9325689
2025-00097526,10/01/2024 12:00:00,04/23/2025 - 15:05,Harassment/Stalking,CBE,7400 block of Preinkert Dr,Violent/Person-Related,38.9844638,-76.94541509999999
2025-00097535,04/10/2025 18:38:00,04/23/2025 - 15:30,Vehicle Tampering,Arrest,Lot SS1,Property,38.9896967,-76.93776
2025-00097620,04/23/2025 17:03:00,04/23/2025 - 17:03,Emergency Petition,CBE,3800 block of Stadium Dr,Public Safety/Suspicious,38.9919544,-76.95020939999999
2025-00097621,04/23/2025 17:04:00,04/23/2025 - 17:04,Injured/Sick Person,CBE,Lot 1b,Violent/Person-Related,38.9896967,-76.93776
2025-00097658,04/23/2025 18:00:00,04/23/2025 - 18:16,Assist Other Agency,CBE,8700 block of Baltimore Ave,Public Safety/Suspicious,38.9974567,-76.9319232
2025-00098080,04/24/2025 06:39:00,04/24/2025 - 06:39,Assist Other Agency,CBE,I95 N/b After Ft. Mchenry Tunnel (exit 53),Public Safety/Suspicious,39.0183784,-76.9228497
2025-00098155,04/24/2025 08:29:00,04/24/2025 - 09:29,Injured/Sick Person,CBE,8200 block of Paint Branch Dr,Violent/Person-Related,38.9899408,-76.9372626
2025-00098233,04/24/2025 11:56:00,04/24/2025 - 11:56,Recovered Stolen Motor Vehicle,Arrest,University Blvd,Property,39.0003743,-76.942387
2025-00098269,04/20/2025 21:40:00,04/24/2025 - 16:07,Assist Other Agency,Active/Pending,8100 block of Baltimore Ave,Public Safety/Suspicious,38.9887708,-76.9352643
2025-00098272,04/23/2025 16:00:00,04/24/2025 - 16:47,Theft,Investigation Pending,4100 block of Stadium Dr,Property,38.9905774,-76.9450332
2025-00098347,04/24/2025 18:37:00,04/24/2025 - 21:35,Injured/Sick Person,CBE,300 block of Ehrensberger Dr,Violent/Person-Related,38.9865155,-76.9546613
2025-00098368,04/24/2025 22:30:00,04/24/2025 - 22:30,Injured/Sick Person,CBE,3900 block of Denton Service Ln,Violent/Person-Related,38.9933705,-76.9496929
2025-00098409,04/24/2025 23:00:00,04/24/2025 - 23:05,Assist Other Agency,CBE,Rhode Island Ave,Public Safety/Suspicious,39.006184,-76.923486
2025-00098457,04/25/2025 01:45:00,04/25/2025 - 02:05,Injured/Sick Person,CBE,4200 block of Valley Dr,Violent/Person-Related,38.993454,-76.9431565
2025-00098684,04/25/2025 04:17:00,04/25/2025 - 07:34,Theft,Active/Pending,4400 block of Lehigh Rd,Property,38.9817458,-76.9395967
2025-00098732,02/27/2025 00:00:00,04/25/2025 - 09:09,Identity Theft,CBE,3500 block of University Blvd,Property,38.9865664,-76.9560825
2025-00098890,04/25/2025 11:39:00,04/25/2025 - 11:39,Recovered Stolen Property,Arrest,7500 block of Mowatt Ln,Property,38.9821066,-76.94979119999999
2025-00098893,04/25/2025 12:30:00,04/25/2025 - 12:30,Indecent Exposure,Arrest,4200 block of Farm Dr,Violent/Person-Related,38.9920645,-76.9437179
2025-00099162,03/14/2025 13:39:00,04/25/2025 - 17:40,Fraud,CBE,4200 block of Stadium Dr,Property,38.9905735,-76.94362029999999
2025-00099163,04/25/2025 18:09:00,04/25/2025 - 18:09,Injured/Sick Person,CBE,3800 block of Golf Course Rd,Violent/Person-Related,38.9896967,-76.93776
2025-00099225,04/18/2025 14:00:00,04/25/2025 - 19:35,Stolen Motor Vehicle,Arrest,7600 block of Regents Dr,Property,38.982614,-76.9394962
2025-00099236,04/25/2025 18:00:00,04/25/2025 - 19:58,Injured/Sick Person,CBE,7800 block of Alumni Dr,Violent/Person-Related,38.989612,-76.94943289999999
2025-00099247,04/25/2025 19:30:00,04/25/2025 - 20:24,Fire,CBE,4000 block of Fieldhouse Dr,Public Safety/Suspicious,38.9889266,-76.94601800000001
2025-00099271,04/25/2025 20:30:00,04/25/2025 - 22:12,Vandalism,Investigation Pending,4200 block of Farm Dr,Property,38.9920645,-76.9437179
2025-00099368,04/25/2025 23:41:00,04/25/2025 - 23:41,Injured/Sick Person,CBE,7500 block of Regents Dr,Violent/Person-Related,38.982448,-76.9391028
2025-00099506,04/26/2025 01:50:00,04/26/2025 - 02:02,Injured/Sick Person,CBE,Rhode Island Ave,Violent/Person-Related,39.006184,-76.923486
2025-00099695,04/26/2025 11:30:00,04/26/2025 - 11:38,Other Incident,CBE,McKeldin Mall,Public Safety/Suspicious,38.9860033,-76.94241540000002
2025-00099699,04/26/2025 11:49:00,04/26/2025 - 11:49,Trespassing,Arrest,"Capital One Field, Football Stadium, SECU Stadium",Public Safety/Suspicious,38.9902668,-76.9472423
2025-00099965,04/23/2025 08:30:00,04/26/2025 - 17:46,Dept Property Damage/Loss,CBE,5200 block of Greenbelt Rd,Property,38.9981644,-76.9216679
2025-00100182,04/26/2025 23:35:00,04/26/2025 - 23:35,DWI/DUI,Arrest,Adelphi Rd,Substance/Impairment,38.9943278,-76.9603365
2025-00100265,04/27/2025 01:42:00,04/27/2025 - 01:42,DWI/DUI,Arrest,Baltimore Ave,Substance/Impairment,38.9977211,-76.9315755
2025-00100382,04/27/2025 08:53:00,04/27/2025 - 08:58,Assist Other Agency,CBE,7400 block of Baltimore Ave,Public Safety/Suspicious,38.9809826,-76.938134
2025-00100722,04/27/2025 16:31:00,04/27/2025 - 16:31,Warrant/Summons Service,Arrest,Baltimore Ave,Admin/Legal/Special,38.9977211,-76.9315755
2025-00100811,04/27/2025 18:38:00,04/27/2025 - 18:38,Suspicious Activity,CBE,4700 block of Rossborough Ln,Public Safety/Suspicious,38.9844586,-76.93292869999999
2025-00101403,04/28/2025 09:00:00,04/28/2025 - 09:12,Injured/Sick Person,CBE,300 block of Ehrensberger Dr,Violent/Person-Related,38.9865155,-76.9546613
2025-00101651,04/28/2025 13:12:00,04/28/2025 - 13:13,Assist Other Agency,CBE,Rhode Island Ave,Public Safety/Suspicious,39.006184,-76.923486
2025-00101817,04/28/2025 17:14:00,04/28/2025 - 17:14,Injured/Sick Person,CBE,8200 block of Alumni Dr,Violent/Person-Related,38.9902808,-76.94967799999999
2025-00101838,04/28/2025 18:05:00,04/28/2025 - 18:05,Assist Other Agency,CBE,4900 block of Lakeland Rd,Public Safety/Suspicious,38.9892289,-76.9305143
2025-00101864,04/28/2025 16:00:00,04/28/2025 - 18:49,Theft,Investigation Pending,4100 block of Valley Dr,Property,38.9929461,-76.9441777
2025-00101901,04/28/2025 20:33:00,04/28/2025 - 20:33,Assist Other Agency,CBE,8100 block of 48th Ave,Public Safety/Suspicious,38.9895502,-76.9325369
2025-00101945,04/28/2025 22:31:00,04/28/2025 - 22:31,Assist Other Agency,CBE,Calvert Rd,Public Safety/Suspicious,38.9787265,-76.9341746
2025-00101957,04/28/2025 21:00:00,04/28/2025 - 23:13,Theft,Unfounded,3900 block of Campus Dr,Property,38.98595479999999,-76.94751149999999
2025-00102615,04/29/2025 14:20:00,04/29/2025 - 14:20,Injured/Sick Person,CBE,3900 block of Campus Dr,Violent/Person-Related,38.98595479999999,-76.94751149999999
2025-00102618,04/29/2025 13:45:00,04/29/2025 - 14:30,Theft,Investigation Pending,3900 block of Campus Dr,Property,38.98595479999999,-76.94751149999999
2025-00102932,04/29/2025 22:50:00,04/29/2025 - 22:50,Alarm,CBE,4100 block of Stadium Dr,Public Safety/Suspicious,38.9905774,-76.9450332
2025-00103112,04/30/2025 02:12:00,04/30/2025 - 02:12,Assist Other Agency,CBE,4300 block of Knox Rd,Public Safety/Suspicious,38.9814976,-76.9423889
2025-00103152,04/30/2025 03:18:00,04/30/2025 - 03:18,Assist Other Agency,CBE,4300 block of Hartwick Rd,Public Safety/Suspicious,38.9803817,-76.942064
2025-00103289,04/30/2025 09:11:00,04/30/2025 - 09:11,Injured/Sick Person,CBE,4000 block of Stadium Dr,Violent/Person-Related,38.9924384,-76.9474152
2025-00103312,04/30/2025 09:26:00,04/30/2025 - 09:26,Emergency Petition,CBE,3900 block of Denton Service Ln,Public Safety/Suspicious,38.9933705,-76.9496929
2025-00103632,04/29/2025 20:00:00,04/30/2025 - 16:32,Suspicious Activity,CBE,8600 block of Boteler Ln,Public Safety/Suspicious,39.0028154,-76.94184489999999
2025-00103935,05/01/2025 00:16:00,05/01/2025 - 00:16,Suspicious Person/Auto,CBE,8100 block of Boteler Ln,Public Safety/Suspicious,39.0021363,-76.9416662
2025-00103968,05/01/2025 01:14:00,05/01/2025 - 01:14,DWI/DUI,Arrest,University Blvd,Substance/Impairment,39.0003743,-76.942387
2025-00104283,05/01/2025 11:05:00,05/01/2025 - 11:05,Injured/Sick Person,CBE,4100 block of Valley Dr,Violent/Person-Related,38.9929461,-76.9441777
2025-00104308,05/01/2025 11:57:00,05/01/2025 - 11:57,Emergency Petition,CBE,7800 block of Regents Dr,Public Safety/Suspicious,38.9848025,-76.9401137
2025-00104311,04/30/2025 15:00:00,05/01/2025 - 13:08,Suspicious Activity,CBE,4100 block of Stadium Dr,Public Safety/Suspicious,38.9905774,-76.9450332
2025-00104347,05/01/2025 17:14:00,05/01/2025 - 17:14,Suspicious Activity,CBE,4300 block of Rowalt Dr,Public Safety/Suspicious,38.9791063,-76.9413939
2025-00104439,04/29/2025 10:32:00,05/01/2025 - 19:43,Theft,Summons Issued,4200 block of Farm Dr,Property,38.9920645,-76.9437179
2025-00104486,04/22/2025 08:30:00,05/01/2025 - 22:24,Injured Officer,CBE,7500 block of Baltimore Ave,Violent/Person-Related,38.9824648,-76.9381235
2025-00104999,04/20/2025 12:00:00,05/02/2025 - 08:03,Assist Other Agency,CBE,7500 block of Baltimore Ave,Public Safety/Suspicious,38.9824648,-76.9381235
2025-00105141,05/02/2025 10:47:00,05/02/2025 - 10:47,Found/Recovered Property,CBE,8500 block of Boteler Ln,Property,39.0029545,-76.9427906
2025-00105604,05/02/2025 20:42:00,05/02/2025 - 20:53,Theft,Arrest,4100 block of Stadium Dr,Property,38.9905774,-76.9450332
2025-00105675,05/02/2025 22:34:00,05/02/2025 - 23:44,Trespassing,CBE,5100 block of Campus Dr,Public Safety/Suspicious,38.9772806,-76.92612419999999
2025-00105793,05/03/2025 03:22:00,05/03/2025 - 03:27,Theft,CBE,LaPlata Beach,Property,38.9926149,-76.94466249999999
2025-00105875,05/03/2025 07:25:00,05/03/2025 - 07:29,Suspicious Activity,CBE,UMGC Hotel at 348 Ehrensberger Dr,Public Safety/Suspicious,38.9864552,-76.95399309999999
2025-00105999,05/03/2025 03:30:00,05/03/2025 - 11:48,Other Incident,Investigation Pending,8000 block of Hagerstown Dr,Public Safety/Suspicious,38.992392,-76.9477236
2025-00106065,05/03/2025 14:25:00,05/03/2025 - 14:29,Injured/Sick Person,CBE,Stadium Dr,Violent/Person-Related,38.9905666,-76.9445737
2025-00106071,04/28/2025 13:30:00,05/03/2025 - 14:49,Theft,Investigation Pending,8200 block of Paint Branch Dr,Property,38.9899408,-76.9372626
2025-00106278,05/03/2025 19:30:00,05/03/2025 - 22:14,Vandalism,Investigation Pending,7800 block of Alumni Dr,Property,38.989612,-76.94943289999999
2025-00106317,05/03/2025 22:53:00,05/03/2025 - 22:53,Injured/Sick Person,CBE,815 at 7401 Baltimore Ave,Violent/Person-Related,38.9810114,-76.93761280000001
2025-00106359,05/03/2025 23:34:00,05/03/2025 - 23:34,DWI/DUI,Arrest,University Blvd,Substance/Impairment,39.0003743,-76.942387
2025-00106385,05/04/2025 00:00:00,05/04/2025 - 00:13,Injured/Sick Person,CBE,6900 block of Preinkert Dr,Violent/Person-Related,38.981993,-76.94486630000002
2025-00106430,05/04/2025 01:56:00,05/04/2025 - 01:56,Injured/Sick Person,CBE,6901 Preinkert Ct,Violent/Person-Related,38.9822046,-76.94456530000001
2025-00106457,05/04/2025 02:50:00,05/04/2025 - 02:58,Injured/Sick Person,CBE,7700 block of Alumni Dr,Violent/Person-Related,38.9864818,-76.94900009999999
2025-00107111,05/04/2025 19:50:00,05/04/2025 - 19:50,Recovered Stolen Motor Vehicle,Arrest,Metzerott Rd,Property,39.0015347,-76.9482196
2025-00107118,05/04/2025 20:40:00,05/04/2025 - 20:40,Disorderly Conduct,Arrest,3800 block of Stadium Dr,Substance/Impairment,38.9919544,-76.95020939999999
2025-00107590,05/01/2025 10:30:00,05/05/2025 - 11:01,Theft,Summons Issued,4100 block of Stadium Dr,Property,38.9905774,-76.9450332
2025-00107692,05/05/2025 13:51:00,05/05/2025 - 13:50,Injured/Sick Person,CBE,5800 block of University Research Ct,Violent/Person-Related,38.9690945,-76.9233308
2025-00108026,05/05/2025 20:28:00,05/05/2025 - 20:28,Recovered Stolen Property,Summons Issued,4300 block of Campus Dr,Property,38.9883647,-76.9373325
2025-00108070,05/05/2025 22:20:00,05/05/2025 - 22:22,Injured/Sick Person,CBE,3800 block of Stadium Dr,Violent/Person-Related,38.9919544,-76.95020939999999
2025-00108443,05/06/2025 09:15:00,05/06/2025 - 09:58,Assist Other Agency,CBE,7300 block of Baltimore Ave,Public Safety/Suspicious,38.9798471,-76.938289
2025-00108490,05/06/2025 11:55:00,05/06/2025 - 11:55,Injured/Sick Person,CBE,4600 block of Knox Rd,Violent/Person-Related,38.9802948,-76.93427989999999
2025-00108500,05/06/2025 12:15:00,05/06/2025 - 12:49,Injured/Sick Person,CBE,7300 block of Preinkert Dr,Violent/Person-Related,38.9840618,-76.9456146
2025-00108882,05/06/2025 21:49:00,05/06/2025 - 21:49,Vandalism,Investigation Pending,McKeldin Mall,Property,38.9860033,-76.94241540000002
2025-00108912,05/06/2025 23:29:00,05/06/2025 - 23:30,Assault,Arrest,Knox Rd,Violent/Person-Related,38.9807627,-76.9373827
2025-00109085,05/07/2025 02:45:00,05/07/2025 - 02:50,Injured/Sick Person,CBE,Paint Branch Dr,Violent/Person-Related,38.9936058,-76.9373043
2025-00109272,05/07/2025 09:48:00,05/07/2025 - 09:48,Damage to State Property,CBE,4100 block of Campus Dr,Property,38.9875851,-76.942092
2025-00109281,05/07/2025 10:54:00,05/07/2025 - 10:54,Hazardous Condition,CBE,4600 block of Norwich Rd,Public Safety/Suspicious,38.9829653,-76.9338964
2025-00109357,05/07/2025 09:00:00,05/07/2025 - 12:54,Theft,Active/Pending,7000 block of Preinkert Dr,Property,38.9830028,-76.9449015
2025-00109382,05/07/2025 14:10:00,05/07/2025 - 14:58,Injured/Sick Person,CBE,3900 block of Campus Dr,Violent/Person-Related,38.98595479999999,-76.94751149999999
2025-00109386,05/07/2025 15:55:00,05/07/2025 - 15:55,Emergency Petition,Active/Pending,7000 block of Preinkert Dr,Public Safety/Suspicious,38.9830028,-76.9449015
2025-00109409,05/07/2025 13:00:00,05/07/2025 - 16:16,Damage to State Property,CBE,4100 block of Campus Dr,Property,38.9875851,-76.942092
2025-00109421,05/06/2025 22:00:00,05/07/2025 - 17:22,Emergency Petition,CBE,3800 block of Stadium Dr,Public Safety/Suspicious,38.9919544,-76.95020939999999
2025-00109423,05/07/2025 08:21:00,05/07/2025 - 17:35,Fraud,Investigation Pending,4200 block of Valley Dr,Property,38.993454,-76.9431565
2025-00109468,05/07/2025 20:10:00,05/07/2025 - 20:19,Injured/Sick Person,CBE,3700 block of Campus Dr,Violent/Person-Related,38.9846832,-76.95097419999999
2025-00109568,05/06/2025 22:00:00,05/07/2025 - 22:55,Vandalism,Investigation Pending,3900 block of Denton Service Ln,Property,38.9933705,-76.9496929
2025-00110135,05/08/2025 03:55:00,05/08/2025 - 15:23,Burglary,Arrest,4100 block of Campus Dr,Property,38.9875851,-76.942092
2025-00110145,05/08/2025 16:15:00,05/08/2025 - 16:22,Injured/Sick Person,CBE,4000 block of Stadium Dr,Violent/Person-Related,38.9924384,-76.9474152
2025-00110161,05/08/2025 17:34:00,05/08/2025 - 17:34,Injured/Sick Person,CBE,4100 block of Campus Dr,Violent/Person-Related,38.9875851,-76.942092
2025-00110178,05/08/2025 17:40:00,05/08/2025 - 17:47,Injured/Sick Person,CBE,4100 block of Valley Dr,Violent/Person-Related,38.9929461,-76.9441777
2025-00110214,05/08/2025 18:15:00,05/08/2025 - 18:24,Emergency Petition,CBE,4200 block of Chapel Ln,Public Safety/Suspicious,38.9846081,-76.94248370000001
2025-00110346,05/08/2025 22:15:00,05/08/2025 - 22:15,CDS Violation,CBE,8100 block of La Plata Dr,Substance/Impairment,38.9919634,-76.94569059999999
2025-00110470,05/09/2025 00:30:00,05/09/2025 - 00:35,Injured/Sick Person,CBE,7400 block of Baltimore Ave,Violent/Person-Related,38.9809826,-76.938134
2025-00110472,05/09/2025 00:31:00,05/09/2025 - 00:44,Emergency Petition,CBE,4300 block of Knox Rd,Public Safety/Suspicious,38.9814976,-76.9423889
2025-00110722,05/09/2025 03:15:00,05/09/2025 - 03:40,Vandalism,Investigation Pending,4200 block of Farm Dr,Property,38.9920645,-76.9437179
2025-00111706,05/10/2025 00:22:00,05/10/2025 - 00:22,Injured/Sick Person,CBE,7300 block of Baltimore Ave,Violent/Person-Related,38.9798471,-76.938289
2025-00111718,05/10/2025 00:00:00,05/10/2025 - 00:27,Injured/Sick Person,CBE,7800 block of Alumni Dr,Violent/Person-Related,38.989612,-76.94943289999999
2025-00111765,05/10/2025 01:13:00,05/10/2025 - 01:13,Injured/Sick Person,Active/Pending,7500 block of Regents Dr,Violent/Person-Related,38.982448,-76.9391028
2025-00111802,05/10/2025 02:05:00,05/10/2025 - 02:05,Assist Other Agency,CBE,7400 block of Baltimore Ave,Public Safety/Suspicious,38.9809826,-76.938134
2025-00111804,05/10/2025 02:15:00,05/10/2025 - 02:15,Suspicious Person/Auto,CBE,6900 block of Preinkert Dr,Public Safety/Suspicious,38.981993,-76.94486630000002
2025-00111812,05/10/2025 03:12:00,05/10/2025 - 03:12,Suspicious Person/Auto,CBE,3900 block of Campus Dr,Public Safety/Suspicious,38.98595479999999,-76.94751149999999
2025-00112242,05/10/2025 14:51:00,05/10/2025 - 14:51,Recovered Stolen Motor Vehicle,CBE,7200 block of Baltimore Ave,Property,38.97844970000001,-76.938334
2025-00112267,05/10/2025 17:09:00,05/10/2025 - 17:09,Assist Other Agency,CBE,College Ave,Public Safety/Suspicious,38.9804531,-76.9303288
2025-00112541,05/01/2025 22:42:00,05/10/2025 - 22:42,Injured/Sick Person,CBE,7300 block of Baltimore Ave,Violent/Person-Related,38.9798471,-76.938289
2025-00112690,05/11/2025 00:21:00,05/11/2025 - 00:21,Weapon Violation,CBE,Baltimore Ave,Admin/Legal/Special,38.9977211,-76.9315755
2025-00112730,05/11/2025 01:59:00,05/11/2025 - 01:59,Injured/Sick Person,CBE,7000 block of Preinkert Dr,Violent/Person-Related,38.9830028,-76.9449015
2025-00112736,05/11/2025 02:00:00,05/11/2025 - 02:13,Injured/Sick Person,CBE,4500 block of Knox Rd,Violent/Person-Related,38.9809186,-76.93696100000001
2025-00112744,05/11/2025 03:23:00,05/11/2025 - 03:23,DWI/DUI,Arrest,8100 block of Baltimore Ave,Substance/Impairment,38.9887708,-76.9352643
2025-00112800,05/11/2025 04:54:00,05/11/2025 - 04:54,Injured/Sick Person,CBE,7000 block of Preinkert Dr,Violent/Person-Related,38.9830028,-76.9449015
2025-00112807,05/10/2025 05:48:00,05/11/2025 - 05:48,Vandalism,Investigation Pending,7500 block of Mowatt Ln,Property,38.9821066,-76.94979119999999
2025-00113526,05/12/2025 00:00:00,05/12/2025 - 00:00,Recovered Stolen Motor Vehicle,Active/Pending,7200 block of Baltimore Ave,Property,38.97844970000001,-76.938334
2025-00113606,05/12/2025 02:35:00,05/12/2025 - 02:35,DWI/DUI,Arrest,University Blvd,Substance/Impairment,39.0003743,-76.942387
2025-00113851,05/08/2025 14:00:00,05/12/2025 - 09:59,Other Incident,CBE,4100 block of Library Ln,Public Safety/Suspicious,38.9867114,-76.9451097
2025-00113993,04/30/2025 19:30:00,05/12/2025 - 13:45,Theft,Investigation Pending,4100 block of Library Ln,Property,38.9867114,-76.9451097
2025-00114023,05/08/2025 21:00:00,05/12/2025 - 15:10,Theft,Investigation Pending,4200 block of Lehigh Rd,Property,38.98208770000001,-76.9437792
2025-00114168,05/11/2025 20:00:00,05/12/2025 - 16:17,Theft,Investigation Pending,7600 block of Library Ln,Property,38.9867114,-76.9451097
2025-00114211,05/12/2025 16:45:00,05/12/2025 - 16:45,Injured/Sick Person,CBE,3900 block of Campus Dr,Violent/Person-Related,38.98595479999999,-76.94751149999999
2025-00114253,05/12/2025 16:00:00,05/12/2025 - 17:27,Assist Other Agency,CBE,7300 block of Baltimore Ave,Public Safety/Suspicious,38.9798471,-76.938289
2025-00114264,05/11/2025 19:00:00,05/12/2025 - 17:36,Emergency Petition,CBE,4200 block of Chapel Ln,Public Safety/Suspicious,38.9846081,-76.94248370000001
2025-00115016,05/13/2025 08:10:00,05/13/2025 - 09:17,Threat Assessment,Active/Pending,7900 block of Regents Dr,Violent/Person-Related,38.9861545,-76.9401512
2025-00115072,04/13/2025 14:00:00,05/13/2025 - 11:04,Theft,Investigation Pending,4100 block of Stadium Dr,Property,38.9905774,-76.9450332
2025-00115091,05/13/2025 11:20:00,05/13/2025 - 11:33,Assault,CBE,4200 block of Farm Dr,Violent/Person-Related,38.9920645,-76.9437179
2025-00115094,05/11/2025 08:05:00,05/13/2025 - 12:03,Theft,Active/Pending,300 block of Ehrensberger Dr,Property,38.9865155,-76.9546613
2025-00115101,05/13/2025 12:29:00,05/13/2025 - 12:29,Other Incident,CBE,8200 block of Paint Branch Dr,Public Safety/Suspicious,38.9899408,-76.9372626
2025-00115152,05/13/2025 15:20:00,05/13/2025 - 15:27,Other Incident,CBE,7500 block of Regents Dr,Public Safety/Suspicious,38.982448,-76.9391028
2025-00115392,05/13/2025 22:30:00,05/13/2025 - 22:49,Assist Other Agency,CBE,8100 block of Baltimore Ave,Public Safety/Suspicious,38.9887708,-76.9352643
2025-00115573,05/14/2025 03:19:00,05/14/2025 - 03:19,Injured/Sick Person,CBE,7600 block of Regents Dr,Violent/Person-Related,38.982614,-76.9394962
2025-00115886,05/08/2025 21:00:00,05/14/2025 - 12:33,Theft,Investigation Pending,4100 block of Library Ln,Property,38.9867114,-76.9451097
2025-00115893,04/28/2025 16:00:00,05/14/2025 - 12:46,Injured Officer,CBE,7100 block of 51st Ave,Violent/Person-Related,38.9756201,-76.92599520000002
2025-00115958,05/14/2025 16:04:00,05/14/2025 - 16:04,Emergency Petition,Active/Pending,4200 block of Chapel Ln,Public Safety/Suspicious,38.9846081,-76.94248370000001
2025-00115991,05/14/2025 16:29:00,05/14/2025 - 17:16,Vandalism,Active/Pending,7500 block of Calvert Service Ln,Property,38.98228340000001,-76.9424736
2025-00116044,05/14/2025 16:40:00,05/14/2025 - 18:36,Assist Other Agency,CBE,8300 block of Baltimore Ave,Public Safety/Suspicious,38.9924581,-76.9336071
2025-00116082,05/14/2025 20:12:00,05/14/2025 - 20:12,CDS Violation,Active/Pending,7500 block of Regents Dr,Substance/Impairment,38.982448,-76.9391028
2025-00116480,05/14/2025 17:00:00,05/15/2025 - 07:55,Other Incident,Active/Pending,4100 block of Campus Dr,Public Safety/Suspicious,38.9875851,-76.942092
2025-00116731,05/01/2025 18:00:00,05/15/2025 - 15:07,Threat Assessment,Active/Pending,4200 block of Chapel Ln,Violent/Person-Related,38.9846081,-76.94248370000001
2025-00116917,03/01/2025 00:00:00,05/15/2025 - 19:54,Theft,Investigation Pending,3900 block of Denton Service Ln,Property,38.9933705,-76.9496929
2025-00116996,05/15/2025 23:23:00,05/15/2025 - 23:23,Assist Other Agency,CBE,8100 block of Baltimore Ave,Public Safety/Suspicious,38.9887708,-76.9352643
2025-00117064,05/16/2025 00:01:00,05/16/2025 - 00:01,Trespassing,CBE,Stanley R. Zupnick Hall at 8184 Paint Branch Dr,Public Safety/Suspicious,38.9899043,-76.93767550000001
2025-00117072,05/16/2025 00:20:00,05/16/2025 - 00:20,DWI/DUI,Arrest,University Blvd,Substance/Impairment,39.0003743,-76.942387
2025-00117074,05/16/2025 00:19:00,05/16/2025 - 00:21,Vandalism,Investigation Pending,7500 block of Mowatt Ln,Property,38.9821066,-76.94979119999999
2025-00117444,05/15/2025 17:00:00,05/16/2025 - 07:55,Other Incident,Active/Pending,4100 block of Campus Dr,Public Safety/Suspicious,38.9875851,-76.942092
2025-00117598,05/16/2025 10:30:00,05/16/2025 - 10:34,Emergency Petition,CBE,8000 block of Regents Dr,Public Safety/Suspicious,38.9882024,-76.94094489999999
2025-00117614,04/21/2025 13:45:00,05/16/2025 - 12:19,Theft,Arrest,8200 block of Paint Branch Dr,Property,38.9899408,-76.9372626
2025-00117888,05/16/2025 19:22:00,05/16/2025 - 19:22,Injured/Sick Person,CBE,Lot Y,Violent/Person-Related,38.9896967,-76.93776
2025-00117891,05/16/2025 19:33:00,05/16/2025 - 19:33,Check on the Welfare,CBE,University Blvd,Violent/Person-Related,39.0003743,-76.942387
2025-00118007,05/06/2025 16:39:00,05/16/2025 - 21:58,Other Incident,CBE,4000 block of Stadium Dr,Public Safety/Suspicious,38.9924384,-76.9474152
2025-00118198,05/17/2025 01:34:00,05/17/2025 - 01:34,Injured/Sick Person,CBE,"Kung Fu Tea, Pho Thom, Ritchie's Columbian at 7313 Baltimore Ave",Violent/Person-Related,38.9800877,-76.9376971
2025-00118671,04/15/2025 10:00:00,05/17/2025 - 11:47,Theft,Investigation Pending,7000 block of Preinkert Dr,Property,38.9830028,-76.9449015
2025-00118730,05/17/2025 14:41:00,05/17/2025 - 14:41,Injured/Sick Person,CBE,4100 block of Fieldhouse Dr,Violent/Person-Related,38.9890795,-76.9469711
2025-00118941,05/16/2025 00:00:00,05/17/2025 - 20:20,Vandalism,Investigation Pending,4000 block of Stadium Dr,Property,38.9924384,-76.9474152
2025-00119012,05/17/2025 22:48:00,05/17/2025 - 22:48,Injured/Sick Person,CBE,7400 block of Baltimore Ave,Violent/Person-Related,38.9809826,-76.938134
2025-00119201,05/18/2025 01:53:00,05/18/2025 - 01:53,DWI/DUI,Arrest,University Blvd,Substance/Impairment,39.0003743,-76.942387
2025-00119202,05/18/2025 01:55:00,05/18/2025 - 01:55,DWI/DUI,Arrest,Baltimore Ave,Substance/Impairment,38.9977211,-76.9315755
2025-00119672,03/27/2025 00:00:00,05/18/2025 - 16:10,Sex Offense,Unfounded,8000 block of Hagerstown Dr,Violent/Person-Related,38.992392,-76.9477236
2025-00119754,05/16/2025 12:00:00,05/18/2025 - 19:10,Theft,Investigation Pending,8000 block of Hagerstown Dr,Property,38.992392,-76.9477236
2025-00119783,05/17/2025 13:20:00,05/18/2025 - 20:30,Theft,Summons Issued,4100 block of Campus Dr,Property,38.9875851,-76.942092
2025-00119966,05/18/2025 23:53:00,05/18/2025 - 23:53,DWI/DUI,Arrest,8900 block of Rhode Island Ave,Substance/Impairment,38.998505,-76.926301
2025-00120066,05/18/2025 22:00:00,05/19/2025 - 01:54,Vandalism,Investigation Pending,4200 block of Farm Dr,Property,38.9920645,-76.9437179
2025-00120365,05/18/2025 10:00:00,05/19/2025 - 09:20,Theft,Investigation Pending,4600 block of Rossborough Ln,Property,38.985357,-76.93538170000001
2025-00103454,05/17/2025 12:00:00,05/19/2025 - 14:21,Theft,Active/Pending,4300 block of Chapel Ln,Property,38.9848326,-76.9418452
2025-00103455,05/19/2025 08:00:00,05/19/2025 - 14:33,Theft,Active/Pending,Lot 1b,Property,38.9896967,-76.93776
2025-00103457,05/19/2025 14:56:00,05/19/2025 - 14:56,DWI/DUI,Arrest,University Blvd / Stadium Dr,Substance/Impairment,38.9925766,-76.9517613
2025-00103456,05/19/2025 14:56:00,05/19/2025 - 14:56,DWI/DUI,Arrest,Baltimore Ave,Substance/Impairment,38.9977211,-76.9315755
2025-00120934,05/10/2025 00:00:00,05/19/2025 - 23:03,Damage to State Property,CBE,3900 block of Campus Dr,Property,38.98595479999999,-76.94751149999999
2025-00121280,05/20/2025 03:13:00,05/20/2025 - 06:56,Theft,Investigation Pending,Lot 4a,Property,38.9896967,-76.93776
2025-00121421,06/08/2023 12:00:00,05/20/2025 - 09:51,Fraud,Active/Pending,5600 block of Rivertech Ct,Property,38.9674473,-76.9299309
2025-00121455,05/20/2025 11:21:00,05/20/2025 - 11:21,Injured/Sick Person,CBE,Lot 4B,Violent/Person-Related,38.9972118,-76.94089989999999
2025-00121714,05/20/2025 19:32:00,05/20/2025 - 20:34,Suspicious Activity,CBE,7600 block of Library Ln,Public Safety/Suspicious,38.9867114,-76.9451097
2025-00121715,05/20/2025 18:30:00,05/20/2025 - 20:44,Theft,Investigation Pending,8500 block of Paint Branch Dr,Property,38.994996,-76.94044699999999
2025-00121852,05/20/2025 17:30:00,05/20/2025 - 23:44,Theft,Investigation Pending,7600 block of Regents Dr,Property,38.982614,-76.9394962
2025-00121875,05/21/2025 00:27:00,05/21/2025 - 00:27,DWI/DUI,Arrest,Baltimore Ave,Substance/Impairment,38.9977211,-76.9315755
2025-00122200,05/20/2025 14:00:00,05/21/2025 - 12:00,Other Incident,CBE,3900 block of Campus Dr,Public Safety/Suspicious,38.98595479999999,-76.94751149999999
2025-00122210,05/21/2025 07:00:00,05/21/2025 - 12:13,Theft,Investigation Pending,4000 block of Stadium Dr,Property,38.9924384,-76.9474152
2025-00122264,05/21/2025 15:45:00,05/21/2025 - 15:52,Other Incident,CBE,8500 block of Paint Branch Dr,Public Safety/Suspicious,38.994996,-76.94044699999999
2025-00122374,05/21/2025 18:23:00,05/21/2025 - 18:49,Dept Property Damage/Loss,CBE,7700 block of Baltimore Ave,Property,38.9856695,-76.9370723
2025-00122621,05/22/2025 01:48:00,05/22/2025 - 01:48,Injured/Sick Person,CBE,4300 block of Knox Rd,Violent/Person-Related,38.9814976,-76.9423889
2025-00122721,05/22/2025 08:03:00,05/22/2025 - 08:03,Injured/Sick Person,CBE,8500 block of Paint Branch Dr,Violent/Person-Related,38.994996,-76.94044699999999
2025-00122894,05/22/2025 12:54:00,05/22/2025 - 12:54,Disorderly Conduct,Active/Pending,4100 block of Campus Dr,Substance/Impairment,38.9875851,-76.942092
2025-00122899,05/22/2025 12:59:00,05/22/2025 - 12:59,Injured/Sick Person,CBE,8500 block of Paint Branch Dr,Violent/Person-Related,38.994996,-76.94044699999999
2025-00122904,05/20/2025 21:00:00,05/22/2025 - 13:06,Theft,Investigation Pending,8400 block of Boteler Ln,Property,39.0020587,-76.94301569999999
2025-00122932,05/22/2025 14:10:00,05/22/2025 - 14:10,Domestic,CBE,4300 block of Rowalt Dr,Violent/Person-Related,38.9791063,-76.9413939
2025-00122939,05/22/2025 15:13:00,05/22/2025 - 15:13,Injured/Sick Person,Active/Pending,7600 block of Mowatt Ln,Violent/Person-Related,38.9829343,-76.94802539999999
2025-00122941,05/21/2025 22:00:00,05/22/2025 - 15:14,Theft,Investigation Pending,4000 block of Stadium Dr,Property,38.9924384,-76.9474152
2025-00122943,05/22/2025 15:26:00,05/22/2025 - 15:26,Injured/Sick Person,CBE,4400 block of Rossborough Ln,Violent/Person-Related,38.9854581,-76.9363764
2025-00123060,05/22/2025 19:28:00,05/22/2025 - 19:28,Pedestrian Struck,CBE,7300 block of Baltimore Ave,Violent/Person-Related,38.9798471,-76.938289
2025-00123079,05/22/2025 21:00:00,05/22/2025 - 21:15,Domestic,CBE,3400 block of Tulane Dr,Violent/Person-Related,38.9848973,-76.9585598
2025-00123490,05/22/2025 17:00:00,05/23/2025 - 08:35,Theft,Active/Pending,8500 block of Paint Branch Dr,Property,38.994996,-76.94044699999999
2025-00123519,05/23/2025 09:07:00,05/23/2025 - 09:13,Injured/Sick Person,CBE,8500 block of Paint Branch Dr,Violent/Person-Related,38.994996,-76.94044699999999
2025-00123603,05/22/2025 17:20:00,05/23/2025 - 13:07,Stolen Motor Vehicle,Unfounded,4000 block of Fieldhouse Dr,Property,38.9889266,-76.94601800000001
2025-00124034,05/23/2025 20:00:00,05/23/2025 - 21:00,Injured/Sick Person,CBE,8600 block of Paint Branch Dr,Violent/Person-Related,38.9967822,-76.9390236
2025-00124048,05/23/2025 21:20:00,05/23/2025 - 21:20,DWI/DUI,Arrest,University Blvd,Substance/Impairment,39.0003743,-76.942387
2025-00124063,05/23/2025 22:14:00,05/23/2025 - 22:14,DWI/DUI,Arrest,Baltimore Ave,Substance/Impairment,38.9977211,-76.9315755
2025-00124150,05/23/2025 23:46:00,05/23/2025 - 23:46,DWI/DUI,Arrest,Frat Row,Substance/Impairment,38.984421,-76.9361904
2025-00124191,05/24/2025 00:24:00,05/24/2025 - 00:24,DWI/DUI,Arrest,Metzerott Rd,Substance/Impairment,39.0015347,-76.9482196
2025-00124236,05/24/2025 01:35:00,05/24/2025 - 01:35,DWI/DUI,Arrest,University Blvd,Substance/Impairment,39.0003743,-76.942387
2025-00124250,05/18/2025 19:11:00,05/24/2025 - 02:11,Suspicious Person/Auto,Investigation Pending,8000 block of Regents Dr,Public Safety/Suspicious,38.9882024,-76.94094489999999
2025-00124545,05/23/2024 07:30:00,05/24/2025 - 12:58,Theft,Investigation Pending,8500 block of Paint Branch Dr,Property,38.994996,-76.94044699999999
2025-00124599,05/24/2025 15:44:00,05/24/2025 - 15:44,Assist Other Agency,CBE,4400 block of Calvert Rd,Public Safety/Suspicious,38.97844389999999,-76.9385478
2025-00124835,05/24/2025 22:39:00,05/24/2025 - 22:39,DWI/DUI,Arrest,University Blvd,Substance/Impairment,39.0003743,-76.942387
2025-00125033,05/25/2025 02:44:00,05/25/2025 - 02:44,DWI/DUI,Arrest,Metzerott Rd,Substance/Impairment,39.0015347,-76.9482196
2025-00125700,05/25/2025 23:50:00,05/25/2025 - 23:55,Suspicious Person/Auto,Active/Pending,Harvard Rd,Public Safety/Suspicious,38.9778225,-76.9327273
2025-00126089,05/20/2025 14:30:00,05/26/2025 - 13:50,Theft,Arrest,4000 block of Fieldhouse Dr,Property,38.9889266,-76.94601800000001
2025-00126348,05/26/2025 22:40:00,05/26/2025 - 22:40,Vandalism,Unfounded,4100 block of Campus Dr,Property,38.9875851,-76.942092
2025-00127110,05/27/2025 17:00:00,05/27/2025 - 17:04,Fire,CBE,3400 block of Tulane Dr,Public Safety/Suspicious,38.9848973,-76.9585598
2025-00127140,05/27/2025 17:52:00,05/27/2025 - 17:52,Dept Property Damage/Loss,CBE,5100 block of Campus Dr,Property,38.9772806,-76.92612419999999
2025-00127147,05/27/2025 18:26:00,05/27/2025 - 18:26,Emergency Petition,CBE,8600 block of Boteler Ln,Public Safety/Suspicious,39.0028154,-76.94184489999999
2025-00127202,05/22/2025 17:34:00,05/27/2025 - 22:11,Theft,Investigation Pending,4000 block of Union Dr,Property,38.987227,-76.9467337
2025-00127386,05/27/2025 23:47:00,05/28/2025 - 01:24,Assist Other Agency,CBE,7300 block of Baltimore Ave,Public Safety/Suspicious,38.9798471,-76.938289
2025-00127580,05/28/2025 08:00:00,05/28/2025 - 08:27,Assist Other Agency,CBE,9300 block of Baltimore Ave,Public Safety/Suspicious,39.0072402,-76.9302403
2025-00127725,04/29/2025 12:00:00,05/28/2025 - 11:57,Title IX Incident Non Criminal,CBE,7100 block of 51st Ave,Admin/Legal/Special,38.9756201,-76.92599520000002
2025-00127932,05/26/2025 16:00:00,05/28/2025 - 23:06,Theft,Investigation Pending,3800 block of Stadium Dr,Property,38.9919544,-76.95020939999999
2025-00128221,05/29/2025 12:42:00,05/29/2025 - 12:42,Recovered Stolen Property,Arrest,Baltimore Ave,Property,38.9977211,-76.9315755
2025-00128341,05/29/2025 21:07:00,05/29/2025 - 21:07,Alcohol Violation,Arrest,3800 block of Stadium Dr,Substance/Impairment,38.9919544,-76.95020939999999
2025-00128371,05/29/2025 22:35:00,05/29/2025 - 22:51,Accident - Departmental,CBE,3200 block of Metzerott Rd,Public Safety/Suspicious,39.0025834,-76.9543362
2025-00128696,05/30/2025 11:28:00,05/30/2025 - 11:28,Injured/Sick Person,Active/Pending,Lot 4B,Violent/Person-Related,38.9972118,-76.94089989999999
2025-00128700,05/30/2025 11:51:00,05/30/2025 - 11:51,Injured/Sick Person,CBE,3800 block of Golf Course Rd,Violent/Person-Related,38.9896967,-76.93776
2025-00128778,05/30/2025 14:25:00,05/30/2025 - 14:28,Injured/Sick Person,CBE,8000 block of Regents Dr,Violent/Person-Related,38.9882024,-76.94094489999999
2025-00129056,05/30/2025 21:00:00,05/30/2025 - 23:52,Dept Property Damage/Loss,CBE,7500 block of Baltimore Ave,Property,38.9824648,-76.9381235
2025-00129446,05/31/2025 11:45:00,05/31/2025 - 18:19,Assist Other Agency,CBE,4500 block of College Ave,Public Safety/Suspicious,38.9820624,-76.93706829999999
2025-00130131,06/01/2025 17:31:00,06/01/2025 - 17:31,Suspicious Person/Auto,Arrest,Golf Course Parking Lot,Public Safety/Suspicious,38.9896967,-76.93776
2025-00130441,06/02/2025 06:45:00,06/02/2025 - 07:07,Injured/Sick Person,CBE,7800 block of Alumni Dr,Violent/Person-Related,38.989612,-76.94943289999999
2025-00130740,06/01/2025 13:00:00,06/02/2025 - 21:55,Assist Other Agency,CBE,4700 block of Tecumseh St,Public Safety/Suspicious,38.9976873,-76.9307934
2025-00131195,06/03/2025 17:00:00,06/03/2025 - 19:52,Theft,Summons Issued,7600 block of Library Ln,Property,38.9867114,-76.9451097
2025-00131336,06/04/2025 00:47:00,06/04/2025 - 00:47,Found/Recovered Property,Investigation Pending,Valley Dr,Property,38.9925626,-76.9442268
2025-00131979,06/05/2025 10:56:00,06/05/2025 - 10:56,Fire,CBE,5200 block of Greenbelt Rd,Public Safety/Suspicious,38.9981644,-76.9216679
2025-00132128,06/05/2025 20:20:00,06/05/2025 - 20:40,Damage to State Property,CBE,3900 block of Campus Dr,Property,38.98595479999999,-76.94751149999999
2025-00132538,06/02/2025 16:00:00,06/06/2025 - 09:19,Theft,Investigation Pending,8200 block of Paint Branch Dr,Property,38.9899408,-76.9372626
2025-00132617,06/06/2025 09:30:00,06/06/2025 - 14:02,Police Information,Active/Pending,7500 block of Baltimore Ave,Public Safety/Suspicious,38.9824648,-76.9381235
2025-00132642,06/05/2025 15:00:00,06/06/2025 - 15:31,Theft,Investigation Pending,8100 block of Paint Branch Dr,Property,38.9890055,-76.9368496
2025-00132960,06/06/2025 23:17:00,06/06/2025 - 23:17,DWI/DUI,Arrest,University Blvd,Substance/Impairment,39.0003743,-76.942387
2025-00133550,06/07/2025 20:18:00,06/07/2025 - 20:18,Suspicious Activity,CBE,4200 block of Stadium Dr,Public Safety/Suspicious,38.9905735,-76.94362029999999
2025-00133788,06/08/2025 01:04:00,06/08/2025 - 01:04,DWI/DUI,Arrest,7600 block of Mowatt Ln,Substance/Impairment,38.9829343,-76.94802539999999
2025-00133814,06/08/2025 04:12:00,06/08/2025 - 04:12,DWI/DUI,Arrest,Graduate Hills Apartment #288 at 3420 Tulane Dr,Substance/Impairment,38.9846488,-76.9573158
2025-00133991,06/08/2025 14:08:00,06/08/2025 - 14:08,Injured/Sick Person,CBE,3900 block of Campus Dr,Violent/Person-Related,38.98595479999999,-76.94751149999999
2025-00134612,06/09/2025 13:40:00,06/09/2025 - 13:40,Other Incident,CBE,7800 block of Alumni Dr,Public Safety/Suspicious,38.989612,-76.94943289999999
2025-00134734,06/09/2025 13:45:00,06/09/2025 - 17:31,Theft,Arrest,8000 block of Regents Dr,Property,38.9882024,-76.94094489999999
2025-00134852,06/09/2025 22:50:00,06/09/2025 - 22:50,DWI/DUI,Arrest,University Blvd,Substance/Impairment,39.0003743,-76.942387
2025-00134906,06/10/2025 00:51:00,06/10/2025 - 00:51,Other Incident,CBE,4100 block of Stadium Dr,Public Safety/Suspicious,38.9905774,-76.9450332
2025-00135137,05/16/2025 00:00:00,06/10/2025 - 12:33,Theft,Investigation Pending,8200 block of Paint Branch Dr,Property,38.9899408,-76.9372626
2025-00135300,06/10/2025 23:01:00,06/10/2025 - 23:01,DWI/DUI,Arrest,7500 block of Baltimore Ave,Substance/Impairment,38.9824648,-76.9381235
2025-00135368,06/11/2025 01:15:00,06/11/2025 - 01:15,Warrant/Summons Service,Arrest,University Blvd,Admin/Legal/Special,39.0003743,-76.942387
2025-00135525,06/11/2025 05:30:00,06/11/2025 - 07:23,Disorderly Conduct,CBE,Stanley R. Zupnick Hall at 8184 Paint Branch Dr,Substance/Impairment,38.9899043,-76.93767550000001
2025-00135647,06/10/2025 14:00:00,06/11/2025 - 13:23,Dept Property Damage/Loss,CBE,7100 block of 51st Ave,Property,38.9756201,-76.92599520000002
2025-00135653,06/11/2025 13:28:00,06/11/2025 - 13:32,Injured/Sick Person,CBE,3900 block of Campus Dr,Violent/Person-Related,38.98595479999999,-76.94751149999999
2025-00135673,06/10/2025 13:00:00,06/11/2025 - 14:22,Injured Officer,CBE,7100 block of 51st Ave,Violent/Person-Related,38.9756201,-76.92599520000002
2025-00135701,06/11/2025 08:00:00,06/11/2025 - 15:56,Accident,CBE,Lot Z,Public Safety/Suspicious,38.9896967,-76.93776
2025-00135797,06/11/2025 22:20:00,06/11/2025 - 22:29,Assist Other Agency,CBE,Baltimore Ave,Public Safety/Suspicious,38.9977211,-76.9315755
2025-00135801,06/11/2025 22:30:00,06/11/2025 - 22:45,Fire,CBE,3400 block of Tulane Dr,Public Safety/Suspicious,38.9848973,-76.9585598
2025-00135804,06/11/2025 23:04:00,06/11/2025 - 23:04,Emergency Petition,CBE,4300 block of Knox Rd,Public Safety/Suspicious,38.9814976,-76.9423889
2025-00135819,06/11/2025 21:00:00,06/11/2025 - 23:25,Theft,Warrant Issued,4300 block of Knox Rd,Property,38.9814976,-76.9423889
2025-00136132,06/12/2025 09:52:00,06/12/2025 - 09:52,Fire,CBE,7700 block of Baltimore Ave,Public Safety/Suspicious,38.9856695,-76.9370723
2025-00136238,06/12/2025 14:00:00,06/12/2025 - 15:17,Injured/Sick Person,CBE,4100 block of Stadium Dr,Violent/Person-Related,38.9905774,-76.9450332
2025-00136247,06/12/2025 16:22:00,06/12/2025 - 16:22,Accident,Juvenile Arrest,Baltimore Ave,Public Safety/Suspicious,38.9977211,-76.9315755
2025-00136342,06/12/2025 18:00:00,06/12/2025 - 21:32,Check on the Welfare,CBE,3900 block of Campus Dr,Violent/Person-Related,38.98595479999999,-76.94751149999999
2025-00136487,06/13/2025 00:33:00,06/13/2025 - 00:33,DWI/DUI,Arrest,8600 block of Adelphi Rd,Substance/Impairment,38.998903,-76.962532
2025-00136641,06/13/2025 01:00:00,06/13/2025 - 02:06,Assist Other Agency,CBE,4300 block of Hartwick Rd,Public Safety/Suspicious,38.9803817,-76.942064
2025-00136722,06/13/2025 05:46:00,06/13/2025 - 05:46,CDS Violation,Arrest,3700 block of Campus Dr,Substance/Impairment,38.9846832,-76.95097419999999
2025-00136779,06/13/2025 00:57:00,06/13/2025 - 08:29,Damage to State Property,CBE,8600 block of Adelphi Rd,Property,38.998903,-76.962532
2025-00136825,06/13/2025 02:00:00,06/13/2025 - 09:40,Theft,Summons Issued,4200 block of Lehigh Rd,Property,38.98208770000001,-76.9437792
2025-00136968,06/13/2025 16:07:00,06/13/2025 - 16:37,Dept Property Damage/Loss,CBE,7500 block of Mowatt Ln,Property,38.9821066,-76.94979119999999
2025-00136970,06/13/2025 16:48:00,06/13/2025 - 16:48,Injured/Sick Person,CBE,3900 block of Campus Dr,Violent/Person-Related,38.98595479999999,-76.94751149999999
2025-00137054,06/13/2025 19:10:00,06/13/2025 - 19:15,Injured/Sick Person,CBE,McKeldin Mall,Violent/Person-Related,38.9860033,-76.94241540000002
2025-00137261,06/13/2025 23:10:00,06/13/2025 - 23:54,Accident - Departmental,CBE,8100 block of Paint Branch Dr,Public Safety/Suspicious,38.9890055,-76.9368496
2025-00137973,06/15/2025 00:20:00,06/15/2025 - 00:20,DWI/DUI,Arrest,University Blvd,Substance/Impairment,39.0003743,-76.942387
2025-00138756,06/16/2025 07:31:00,06/16/2025 - 07:31,Injured/Sick Person,CBE,Mowatt Ln,Violent/Person-Related,38.9822177,-76.9469606
2025-00139138,06/16/2025 16:58:00,06/16/2025 - 16:58,Damage to State Property,CBE,7600 block of Baltimore Ave,Property,38.9842035,-76.9408095
2025-00139445,06/17/2025 04:31:00,06/17/2025 - 04:31,Trespassing,CBE,8200 block of Alumni Dr,Public Safety/Suspicious,38.9902808,-76.94967799999999
2025-00139570,06/17/2025 08:51:00,06/17/2025 - 08:51,Check on the Welfare,CBE,4400 block of Stadium Dr,Violent/Person-Related,38.9901705,-76.9391697
2025-00139573,06/17/2025 09:10:00,06/17/2025 - 09:10,Assist Other Agency,CBE,4500 block of Campus Dr,Public Safety/Suspicious,38.9833396,-76.9288995
2025-00139612,04/08/2025 00:00:00,06/17/2025 - 11:32,Theft,Unfounded,3900 block of Campus Dr,Property,38.98595479999999,-76.94751149999999
2025-00140085,06/18/2025 10:32:00,06/18/2025 - 10:35,Alarm,Active/Pending,UMGC Hotel at 348 Ehrensberger Dr,Public Safety/Suspicious,38.9864552,-76.95399309999999
2025-00140097,06/09/2025 15:56:00,06/18/2025 - 11:16,Theft,Summons Issued,7700 block of Alumni Dr,Property,38.9864818,-76.94900009999999
2025-00140129,06/18/2025 11:45:00,06/18/2025 - 13:32,Hazardous Condition,CBE,8100 block of Baltimore Ave,Public Safety/Suspicious,38.9887708,-76.9352643
2025-00140153,06/09/2025 23:20:00,06/18/2025 - 15:04,Other Incident,CBE,3800 block of Stadium Dr,Public Safety/Suspicious,38.9919544,-76.95020939999999
2025-00140313,06/18/2025 20:55:00,06/18/2025 - 21:04,Injured/Sick Person,CBE,3900 block of Campus Dr,Violent/Person-Related,38.98595479999999,-76.94751149999999
2025-00140813,06/19/2025 17:00:00,06/19/2025 - 18:09,Damaged Property,CBE,7500 block of Columbia Ave,Property,38.980143,-76.9289155
2025-00141243,06/19/2025 22:00:00,06/20/2025 - 12:40,Other Incident,Active/Pending,8000 block of Boteler Ln,Public Safety/Suspicious,39.002949,-76.94182599999999
2025-00141744,06/21/2025 07:20:00,06/21/2025 - 07:23,Injured Officer,CBE,7500 block of Baltimore Ave,Violent/Person-Related,38.9824648,-76.9381235
2025-00142077,06/21/2025 21:10:00,06/21/2025 - 21:22,Injured/Sick Person,CBE,8100 block of Greenmead Dr,Violent/Person-Related,39.00599649999999,-76.9421253
2025-00142168,06/21/2025 18:00:00,06/21/2025 - 23:47,Assist Other Agency,CBE,6700 block of Adelphi Rd,Public Safety/Suspicious,38.9715272,-76.94992169999999
2025-00142240,06/22/2025 04:50:00,06/22/2025 - 04:50,Disorderly Conduct,Arrest,UMGC Hotel at 348 Ehrensberger Dr,Substance/Impairment,38.9864552,-76.95399309999999
2025-00142272,06/22/2025 03:45:00,06/22/2025 - 07:37,Injured/Sick Person,Active/Pending,3400 block of Tulane Dr,Violent/Person-Related,38.9848973,-76.9585598
2025-00142953,06/18/2025 14:30:00,06/23/2025 - 10:21,Damage to State Property,Active/Pending,7800 block of Regents Dr,Property,38.9848025,-76.9401137
2025-00142974,06/22/2025 15:08:00,06/23/2025 - 10:47,Theft,Active/Pending,7600 block of Mowatt Ln,Property,38.9829343,-76.94802539999999
2025-00143029,06/23/2025 13:00:00,06/23/2025 - 15:19,Theft,Investigation Pending,8100 block of Boteler Ln,Property,39.0021363,-76.9416662
2025-00143161,06/23/2025 17:00:00,06/23/2025 - 17:38,Assist Other Agency,CBE,7700 block of Baltimore Ave,Public Safety/Suspicious,38.9856695,-76.9370723
2025-00143482,06/24/2025 01:00:00,06/24/2025 - 01:16,Assist Other Agency,CBE,8200 block of Baltimore Ave,Public Safety/Suspicious,38.9920829,-76.933889
2025-00143655,06/23/2025 14:15:00,06/24/2025 - 12:33,Suspicious Person/Auto,CBE,4600 block of River Rd,Public Safety/Suspicious,38.9707953,-76.9270342
2025-00143946,06/24/2025 23:23:00,06/24/2025 - 23:23,Warrant/Summons Service,Arrest,Golf Course Rd,Admin/Legal/Special,38.9896967,-76.93776
2025-00144030,06/25/2025 02:00:00,06/25/2025 - 02:51,Trespassing,Summons Issued,4300 block of Campus Dr,Public Safety/Suspicious,38.9883647,-76.9373325
2025-00144796,06/26/2025 09:26:00,06/26/2025 - 09:26,Recovered Stolen Property,CBE,4300 block of Campus Dr,Property,38.9883647,-76.9373325
2025-00144870,12/22/2024 08:00:00,06/26/2025 - 16:47,Other Incident,Active/Pending,3800 block of Campus Dr,Public Safety/Suspicious,38.98481719999999,-76.94907789999999
2025-00145006,06/26/2025 22:00:00,06/26/2025 - 22:10,Assist Other Agency,CBE,5000 block of Lakeland Rd,Public Safety/Suspicious,38.9892082,-76.92865739999999
2025-00146850,06/29/2025 07:02:00,06/29/2025 - 07:02,Injured/Sick Person,CBE,8100 block of La Plata Dr,Violent/Person-Related,38.9919634,-76.94569059999999
2025-00146967,06/29/2025 13:54:00,06/29/2025 - 13:54,Assist Other Agency,CBE,8100 block of Baltimore Ave,Public Safety/Suspicious,38.9887708,-76.9352643
2025-00147305,06/29/2025 23:56:00,06/29/2025 - 23:56,DWI/DUI,Arrest,University Blvd,Substance/Impairment,39.0003743,-76.942387
2025-00147380,06/30/2025 02:20:00,06/30/2025 - 02:20,DWI/DUI,Arrest,University Blvd,Substance/Impairment,39.0003743,-76.942387
2025-00147421,06/28/2025 04:15:00,06/30/2025 - 06:42,Theft,Investigation Pending,7500 block of Mowatt Ln,Property,38.9821066,-76.94979119999999
2025-00147752,06/30/2025 15:14:00,06/30/2025 - 15:14,Other Incident,CBE,5000 block of College Ave,Public Safety/Suspicious,38.97959669999999,-76.9255057
2025-00148338,07/01/2025 08:30:00,07/01/2025 - 09:54,Fraud,Warrant Issued,3900 block of Campus Dr,Property,38.98595479999999,-76.94751149999999
2025-00148421,06/29/2025 12:51:00,07/01/2025 - 12:45,Theft,Arrest,5200 block of Greenbelt Rd,Property,38.9981644,-76.9216679
2025-00148436,06/20/2025 08:30:00,07/01/2025 - 13:19,Burglary,Summons Issued,8200 block of Paint Branch Dr,Property,38.9899408,-76.9372626
2025-00148503,06/30/2025 09:30:00,07/01/2025 - 14:52,Burglary,Active/Pending,8200 block of Paint Branch Dr,Property,38.9899408,-76.9372626
2025-00148910,07/02/2025 07:58:00,07/02/2025 - 07:58,Trespassing,Active/Pending,8200 block of Paint Branch Dr,Public Safety/Suspicious,38.9899408,-76.9372626
2025-00149664,06/23/2025 07:00:00,07/03/2025 - 10:18,Other Incident,CBE,4000 block of Campus Dr,Public Safety/Suspicious,38.9875338,-76.9442923
2025-00149989,07/03/2025 21:06:00,07/03/2025 - 21:06,Assist Other Agency,CBE,7500 block of Baltimore Ave,Public Safety/Suspicious,38.9824648,-76.9381235
2025-00150124,07/04/2025 00:03:00,07/04/2025 - 00:03,DWI/DUI,Arrest,University Blvd,Substance/Impairment,39.0003743,-76.942387
2025-00150155,07/04/2025 00:49:00,07/04/2025 - 00:49,DWI/DUI,Arrest,University Blvd,Substance/Impairment,39.0003743,-76.942387
2025-00150436,07/01/2025 15:00:00,07/04/2025 - 09:29,Assist Other Agency,Active/Pending,7400 block of Hopkins Ave,Public Safety/Suspicious,38.9801137,-76.9338946
2025-00150545,07/04/2025 15:45:00,07/04/2025 - 16:35,Suspicious Person/Auto,Arrest,7300 block of Baltimore Ave,Public Safety/Suspicious,38.9798471,-76.938289
2025-00150687,07/04/2025 19:26:00,07/04/2025 - 20:03,Indecent Exposure,Arrest,Baltimore Ave,Violent/Person-Related,38.9977211,-76.9315755
2025-00150753,07/04/2025 22:36:00,07/04/2025 - 22:36,DWI/DUI,Arrest,University Blvd,Substance/Impairment,39.0003743,-76.942387
2025-00150791,07/04/2025 23:32:00,07/04/2025 - 23:32,DWI/DUI,Arrest,Adelphi Rd,Substance/Impairment,38.9943278,-76.9603365
2025-00150838,07/05/2025 01:15:00,07/05/2025 - 01:15,DWI/DUI,Arrest,University Blvd,Substance/Impairment,39.0003743,-76.942387
2025-00151269,07/05/2025 18:00:00,07/05/2025 - 18:00,Other Incident,CBE,8000 block of Greenmead Dr,Public Safety/Suspicious,39.000958,-76.9447137
2025-00151427,07/05/2025 23:15:00,07/05/2025 - 23:15,Warrant/Summons Service,Arrest,Baltimore Ave,Admin/Legal/Special,38.9977211,-76.9315755
2025-00151430,07/05/2025 23:15:00,07/05/2025 - 23:18,Assist Other Agency,Active/Pending,7300 block of Baltimore Ave,Public Safety/Suspicious,38.9798471,-76.938289
2025-00151887,03/12/2024 16:40:00,07/06/2025 - 14:47,Assist Other Agency,CBE,8700 block of Baltimore Ave,Public Safety/Suspicious,38.9974567,-76.9319232
2025-00151934,07/06/2025 16:11:00,07/06/2025 - 16:11,Injured/Sick Person,CBE,7600 block of Library Ln,Violent/Person-Related,38.9867114,-76.9451097
2025-00152577,06/20/2025 00:43:00,07/07/2025 - 11:05,Theft,Arrest,7500 block of Mowatt Ln,Property,38.9821066,-76.94979119999999
2025-00152649,07/03/2025 18:11:00,07/07/2025 - 12:04,Suspicious Activity,Active/Pending,4200 block of Campus Dr,Public Safety/Suspicious,38.9878677,-76.9388881
2025-00152744,07/07/2025 15:21:00,07/07/2025 - 15:41,Injured/Sick Person,CBE,7700 block of Baltimore Ave,Violent/Person-Related,38.9856695,-76.9370723
2025-00152898,07/07/2025 22:06:00,07/07/2025 - 22:06,Emergency Petition,CBE,3900 block of Campus Dr,Public Safety/Suspicious,38.98595479999999,-76.94751149999999
2025-00154073,07/09/2025 11:26:00,07/09/2025 - 11:26,CDS Violation,Arrest,LaPlata Beach,Substance/Impairment,38.9926149,-76.94466249999999
2025-00154098,07/08/2025 09:00:00,07/09/2025 - 12:05,Theft,Investigation Pending,3800 block of Stadium Dr,Property,38.9919544,-76.95020939999999
2025-00154116,07/08/2025 22:44:00,07/09/2025 - 13:57,Assist Other Agency,CBE,7300 block of Hopkins Ave,Public Safety/Suspicious,38.9787386,-76.93417029999999
2025-00154242,07/09/2025 21:06:00,07/09/2025 - 21:06,Suspicious Person/Auto,CBE,4100 block of Campus Dr,Public Safety/Suspicious,38.9875851,-76.942092
2025-00154376,07/10/2025 01:46:00,07/10/2025 - 01:46,DWI/DUI,Arrest,University Blvd,Substance/Impairment,39.0003743,-76.942387
2025-00154521,07/10/2025 09:50:00,07/10/2025 - 09:51,Theft,Arrest,7500 block of Yale Ave,Property,38.9817875,-76.9362829
2025-00154524,07/08/2025 10:00:00,07/10/2025 - 10:21,Theft,Investigation Pending,4200 block of Stadium Dr,Property,38.9905735,-76.94362029999999
2025-00154820,07/10/2025 23:27:00,07/10/2025 - 23:27,DWI/DUI,Arrest,University Blvd,Substance/Impairment,39.0003743,-76.942387
2025-00154828,07/10/2025 23:31:00,07/10/2025 - 23:31,Alcohol Violation,Arrest,Knox Rd,Substance/Impairment,38.9807627,-76.9373827
2025-00155009,07/11/2025 03:03:00,07/11/2025 - 03:03,Check on the Welfare,CBE,7300 block of Baltimore Ave,Violent/Person-Related,38.9798471,-76.938289
2025-00155141,07/07/2025 05:00:00,07/11/2025 - 08:42,Theft,Summons Issued,8100 block of Paint Branch Dr,Property,38.9890055,-76.9368496
2025-00155670,07/12/2025 01:07:00,07/12/2025 - 01:07,Missing Person/Runaway,CBE,"Alpha Sigma Phi, Frat 9 at 9 Fraternity Row",Violent/Person-Related,38.9832908,-76.9346099
2025-00156226,07/12/2025 19:00:00,07/12/2025 - 19:39,Assist Other Agency,CBE,4200 block of Knox Rd,Public Safety/Suspicious,38.9805635,-76.941801
2025-00156296,07/12/2025 22:18:00,07/12/2025 - 22:18,Theft,Arrest,8000 block of Regents Dr,Property,38.9882024,-76.94094489999999
2025-00156330,07/13/2025 02:20:00,07/13/2025 - 02:20,Assist Other Agency,CBE,Baltimore Ave,Public Safety/Suspicious,38.9977211,-76.9315755
2025-00156484,07/13/2025 08:05:00,07/13/2025 - 08:54,Assist Other Agency,CBE,8700 block of Baltimore Ave,Public Safety/Suspicious,38.9974567,-76.9319232
2025-00157235,07/14/2025 09:45:00,07/14/2025 - 09:45,Found/Recovered Property,CBE,"Capital One Field, Football Stadium, SECU Stadium",Property,38.9902668,-76.9472423
2025-00157596,07/14/2025 18:16:00,07/14/2025 - 19:09,Dept Property Damage/Loss,CBE,495 / N 95,Property,38.9896967,-76.93776
2025-00157987,07/15/2025 13:49:00,07/15/2025 - 13:49,Assist Other Agency,CBE,Knox Rd,Public Safety/Suspicious,38.9807627,-76.9373827
2025-00158178,07/14/2025 16:45:00,07/15/2025 - 21:49,Theft,Investigation Pending,7500 block of Mowatt Ln,Property,38.9821066,-76.94979119999999
2025-00158282,07/16/2025 00:41:00,07/16/2025 - 01:00,Accident - Departmental,CBE,7500 block of Mowatt Ln,Public Safety/Suspicious,38.9821066,-76.94979119999999
2025-00158609,07/15/2025 21:00:00,07/16/2025 - 10:17,Theft,Investigation Pending,3400 block of Tulane Dr,Property,38.9848973,-76.9585598
2025-00158664,07/16/2025 12:50:00,07/16/2025 - 12:50,Assist Other Agency,CBE,4300 block of Hartwick Rd,Public Safety/Suspicious,38.9803817,-76.942064
2025-00158813,07/16/2025 18:53:00,07/16/2025 - 18:53,Injured/Sick Person,CBE,4100 block of Valley Dr,Violent/Person-Related,38.9929461,-76.9441777
2025-00159238,07/17/2025 06:50:00,07/17/2025 - 06:50,Recovered Stolen Property,Arrest,4300 block of Campus Dr,Property,38.9883647,-76.9373325
2025-00159469,07/17/2025 13:25:00,07/17/2025 - 13:25,Other Incident,CBE,7900 block of Regents Dr,Public Safety/Suspicious,38.9861545,-76.9401512
2025-00159519,07/17/2025 14:37:00,07/17/2025 - 14:37,Injured/Sick Person,CBE,3800 block of Golf Course Rd,Violent/Person-Related,38.9896967,-76.93776
2025-00159526,07/16/2025 18:09:00,07/17/2025 - 15:13,Theft,Unfounded,Lot 11b,Property,38.9936563,-76.9363982
2025-00159531,06/12/2025 23:00:00,07/17/2025 - 15:26,Theft,Warrant Issued,3400 block of Tulane Dr,Property,38.9848973,-76.9585598
2025-00159532,06/09/2025 15:30:00,07/17/2025 - 15:28,Assault,CBE,3800 block of Golf Course Rd,Violent/Person-Related,38.9896967,-76.93776
2025-00159535,07/17/2025 16:33:00,07/17/2025 - 16:33,Assist Other Agency,CBE,7200 block of Baltimore Ave,Public Safety/Suspicious,38.97844970000001,-76.938334
2025-00159645,07/17/2025 20:00:00,07/17/2025 - 20:00,Warrant/Summons Service,Arrest,Baltimore Ave,Admin/Legal/Special,38.9977211,-76.9315755
2025-00160185,05/24/2025 15:02:00,07/18/2025 - 17:19,Theft,Investigation Pending,7000 block of Preinkert Dr,Property,38.9830028,-76.9449015
2025-00160386,07/18/2025 23:36:00,07/18/2025 - 23:36,DWI/DUI,Arrest,University Blvd,Substance/Impairment,39.0003743,-76.942387
2025-00160457,07/19/2025 00:43:00,07/19/2025 - 00:43,Warrant/Summons Service,Arrest,University Blvd,Admin/Legal/Special,39.0003743,-76.942387
2025-00160768,07/19/2025 09:45:00,07/19/2025 - 10:46,Police Information,CBE,7100 block of Baltimore Ave,Public Safety/Suspicious,38.9767666,-76.938334
2025-00160852,07/19/2025 13:53:00,07/19/2025 - 14:10,Indecent Exposure,Arrest,8000 block of Regents Dr,Violent/Person-Related,38.9882024,-76.94094489999999
2025-00161158,07/20/2025 02:05:00,07/20/2025 - 02:05,DWI/DUI,Arrest,Baltimore Ave,Substance/Impairment,38.9977211,-76.9315755
2025-00161159,07/20/2025 02:19:00,07/20/2025 - 02:19,DWI/DUI,Arrest,University Blvd,Substance/Impairment,39.0003743,-76.942387
2025-00161162,07/20/2025 02:50:00,07/20/2025 - 03:37,Assist Other Agency,CBE,7500 block of Baltimore Ave,Public Safety/Suspicious,38.9824648,-76.9381235
2025-00161406,07/20/2025 10:40:00,07/20/2025 - 10:44,Assist Other Agency,CBE,Campus Dr,Public Safety/Suspicious,38.9843452,-76.9325689
2025-00162432,07/21/2025 22:50:00,07/21/2025 - 22:56,Injured/Sick Person,CBE,Baltimore Ave,Violent/Person-Related,38.9977211,-76.9315755
2025-00162720,07/22/2025 10:11:00,07/22/2025 - 10:11,Injured/Sick Person,CBE,8100 block of Regents Dr,Violent/Person-Related,38.9904589,-76.940693
2025-00162754,07/22/2025 12:04:00,07/22/2025 - 12:04,Recovered Stolen Motor Vehicle,Arrest,7300 block of Baltimore Ave,Property,38.9798471,-76.938289
2025-00162758,07/13/2025 17:00:00,07/22/2025 - 13:34,Theft,Summons Issued,8200 block of Alumni Dr,Property,38.9902808,-76.94967799999999
2025-00162812,07/15/2025 14:00:00,07/22/2025 - 15:38,Title IX Incident Non Criminal,CBE,4000 block of Campus Dr,Admin/Legal/Special,38.9875338,-76.9442923
2025-00162871,07/17/2025 12:00:00,07/22/2025 - 17:38,Other Incident,CBE,4000 block of Campus Dr,Public Safety/Suspicious,38.9875338,-76.9442923
2025-00162892,07/22/2025 18:29:00,07/22/2025 - 18:29,Suspicious Activity,CBE,3400 block of Tulane Dr,Public Safety/Suspicious,38.9848973,-76.9585598
2025-00164006,07/24/2025 13:40:00,07/24/2025 - 13:58,Hate Bias Incident,CBE,3900 block of Campus Dr,Violent/Person-Related,38.98595479999999,-76.94751149999999
2025-00164020,07/05/2025 01:30:00,07/24/2025 - 14:46,Lost Property,Active/Pending,3400 block of Tulane Dr,Property,38.9848973,-76.9585598
2025-00164033,07/24/2025 16:51:00,07/24/2025 - 16:51,Lost Property,CBE,4000 block of Stadium Dr,Property,38.9924384,-76.9474152
2025-00164132,07/24/2025 19:02:00,07/24/2025 - 19:02,Warrant/Summons Service,Arrest,Adelphi Rd,Admin/Legal/Special,38.9943278,-76.9603365
2025-00164302,07/24/2025 23:58:00,07/24/2025 - 23:58,DWI/DUI,Arrest,University Blvd,Substance/Impairment,39.0003743,-76.942387
2025-00164332,07/25/2025 00:37:00,07/25/2025 - 00:37,DWI/DUI,Arrest,University Blvd,Substance/Impairment,39.0003743,-76.942387
2025-00164474,07/25/2025 04:21:00,07/25/2025 - 04:21,Alarm,Active/Pending,4300 block of Knox Rd,Public Safety/Suspicious,38.9814976,-76.9423889
2025-00164586,07/25/2025 10:01:00,07/25/2025 - 10:01,Injured/Sick Person,CBE,8200 block of Paint Branch Dr,Violent/Person-Related,38.9899408,-76.9372626
2025-00164621,07/25/2025 11:50:00,07/25/2025 - 11:50,Disorderly Conduct,CBE,4400 block of Technology Dr,Substance/Impairment,38.9927149,-76.9386652
2025-00164634,07/25/2025 02:00:00,07/25/2025 - 12:43,Vandalism,Investigation Pending,Barry P. Gossett Basketball Performance Center at 8454 Paint Branch Dr,Property,38.9947323,-76.9373186
2025-00164728,07/25/2025 13:00:00,07/25/2025 - 17:42,Burglary,Arrest,7600 block of Preinkert Dr,Property,38.9845297,-76.9454999
2025-00164824,07/25/2025 21:00:00,07/25/2025 - 21:30,Assist Other Agency,Active/Pending,Baltimore Ave,Public Safety/Suspicious,38.9977211,-76.9315755
2025-00165032,07/26/2025 01:54:00,07/26/2025 - 01:54,DWI/DUI,Arrest,University Blvd,Substance/Impairment,39.0003743,-76.942387
2025-00165151,07/25/2025 18:00:00,07/26/2025 - 07:52,Theft,Investigation Pending,8100 block of Paint Branch Dr,Property,38.9890055,-76.9368496
2025-00165296,05/24/2025 12:00:00,07/26/2025 - 12:27,Theft,Investigation Pending,3400 block of Tulane Dr,Property,38.9848973,-76.9585598
2025-00165314,06/25/2025 15:00:00,07/26/2025 - 13:30,Theft,Investigation Pending,4100 block of Campus Dr,Property,38.9875851,-76.942092
2025-00165315,06/13/2025 02:10:00,07/26/2025 - 13:31,Theft,Summons Issued,3400 block of Tulane Dr,Property,38.9848973,-76.9585598
2025-00165620,07/27/2025 01:22:00,07/27/2025 - 01:22,Warrant/Summons Service,Arrest,Baltimore Ave,Admin/Legal/Special,38.9977211,-76.9315755
2025-00166343,07/28/2025 01:12:00,07/28/2025 - 01:12,Injured/Sick Person,CBE,Baltimore Ave,Violent/Person-Related,38.9977211,-76.9315755
2025-00166498,07/23/2025 06:00:00,07/28/2025 - 08:46,Theft,Summons Issued,8100 block of Paint Branch Dr,Property,38.9890055,-76.9368496
2025-00166641,07/28/2025 10:00:00,07/28/2025 - 10:20,Stolen Motor Vehicle,Investigation Pending,8100 block of Paint Branch Dr,Property,38.9890055,-76.9368496
2025-00167454,07/29/2025 10:45:00,07/29/2025 - 10:49,Injured/Sick Person,CBE,3500 block of Campus Dr,Violent/Person-Related,38.9848732,-76.9489771
2025-00167532,07/29/2025 14:20:00,07/29/2025 - 14:30,Suspicious Person/Auto,CBE,4100 block of Stadium Dr,Public Safety/Suspicious,38.9905774,-76.9450332
2025-00168144,07/30/2025 08:50:00,07/30/2025 - 09:25,Suspicious Activity,Active/Pending,4000 block of Stadium Dr,Public Safety/Suspicious,38.9924384,-76.9474152
2025-00168302,07/30/2025 16:45:00,07/30/2025 - 16:45,Check on the Welfare,CBE,7600 block of Baltimore Ave,Violent/Person-Related,38.9842035,-76.9408095
2025-00168438,07/30/2025 20:55:00,07/30/2025 - 20:55,Other Incident,CBE,8100 block of La Plata Dr,Public Safety/Suspicious,38.9919634,-76.94569059999999
2025-00168611,07/31/2025 00:44:00,07/31/2025 - 00:44,DWI/DUI,Arrest,Metzerott Rd,Substance/Impairment,39.0015347,-76.9482196
2025-00168779,07/31/2025 01:00:00,07/31/2025 - 08:01,Burglary,Investigation Pending,3800 block of Stadium Dr,Property,38.9919544,-76.95020939999999
2025-00168944,07/31/2025 13:57:00,07/31/2025 - 13:57,Harassment/Stalking,Summons Issued,7600 block of Library Ln,Violent/Person-Related,38.9867114,-76.9451097
2025-00169177,07/31/2025 22:06:00,07/31/2025 - 22:06,Other Incident,CBE,8100 block of La Plata Dr,Public Safety/Suspicious,38.9919634,-76.94569059999999
2025-00169377,08/01/2025 01:51:00,08/01/2025 - 01:51,Warrant/Summons Service,Arrest,University Blvd,Admin/Legal/Special,39.0003743,-76.942387
2025-00169666,08/01/2025 09:48:00,08/01/2025 - 09:48,Injured/Sick Person,CBE,4300 block of Rowalt Dr,Violent/Person-Related,38.9791063,-76.9413939
2025-00169755,07/13/2025 10:30:00,08/01/2025 - 12:27,Suspicious Activity,CBE,Paint Branch Trl / Iribe Center,Public Safety/Suspicious,38.9891232,-76.9364707
2025-00169768,08/01/2025 12:40:00,08/01/2025 - 12:57,Fire,CBE,8000 block of Regents Dr,Public Safety/Suspicious,38.9882024,-76.94094489999999
2025-00169793,08/01/2025 14:32:00,08/01/2025 - 14:33,Vandalism,Juvenile Arrest,4200 block of Lehigh Rd,Property,38.98208770000001,-76.9437792
2025-00169881,07/28/2025 17:00:00,08/01/2025 - 17:40,Injured Officer,CBE,New Hampshire Ave,Violent/Person-Related,39.1024322,-77.0039937
2025-00170262,08/02/2025 03:50:00,08/02/2025 - 03:50,DWI/DUI,Arrest,Metzerott Rd,Substance/Impairment,39.0015347,-76.9482196
2025-00170818,08/02/2025 23:03:00,08/02/2025 - 23:03,DWI/DUI,Arrest,University Blvd,Substance/Impairment,39.0003743,-76.942387
2025-00170881,08/03/2025 00:55:00,08/03/2025 - 00:55,DWI/DUI,Arrest,Adelphi Rd,Substance/Impairment,38.9943278,-76.9603365
2025-00170899,08/03/2025 02:02:00,08/03/2025 - 02:02,DWI/DUI,Arrest,Metzerott Rd,Substance/Impairment,39.0015347,-76.9482196
2025-00171034,08/03/2025 05:35:00,08/03/2025 - 06:21,Vehicle Tampering,Investigation Pending,3400 block of Tulane Dr,Property,38.9848973,-76.9585598
2025-00171291,08/02/2025 12:06:00,08/03/2025 - 14:00,Theft,Unfounded,4300 block of Stadium Dr,Property,38.99051420000001,-76.94167379999999
2025-00171363,08/03/2025 15:24:00,08/03/2025 - 15:29,Other Incident,CBE,3400 block of Tulane Dr,Public Safety/Suspicious,38.9848973,-76.9585598
2025-00171495,07/07/2025 07:00:00,08/03/2025 - 19:02,Theft,Investigation Pending,3800 block of Stadium Dr,Property,38.9919544,-76.95020939999999
2025-00171646,08/04/2025 00:47:00,08/04/2025 - 00:47,DWI/DUI,Arrest,University Blvd,Substance/Impairment,39.0003743,-76.942387
2025-00171947,08/04/2025 11:13:00,08/04/2025 - 11:13,Assist Other Agency,CBE,4700 block of Berwyn House Rd,Public Safety/Suspicious,38.992316,-76.9317686
2025-00172140,08/02/2025 15:17:00,08/04/2025 - 16:03,Suspicious Person/Auto,Active/Pending,4100 block of Valley Dr,Public Safety/Suspicious,38.9929461,-76.9441777
2025-00172638,08/05/2025 08:30:00,08/05/2025 - 08:47,Burglary,CBE,7500 block of Yale Ave,Property,38.9817875,-76.9362829
2025-00173026,08/05/2025 21:32:00,08/05/2025 - 21:32,Alcohol Violation,CBE,Baltimore Ave,Substance/Impairment,38.9977211,-76.9315755
2025-00173416,08/01/2025 14:00:00,08/06/2025 - 10:09,Threat Assessment,Active/Pending,4000 block of Union Dr,Violent/Person-Related,38.987227,-76.9467337
2025-00173696,08/06/2025 20:50:00,08/06/2025 - 20:50,CDS Violation,Active/Pending,8700 block of Boteler Ln,Substance/Impairment,39.0033062,-76.9419486
2025-00173711,08/06/2025 21:15:00,08/06/2025 - 22:51,Hazardous Condition,CBE,8100 block of Baltimore Ave,Public Safety/Suspicious,38.9887708,-76.9352643
2025-00174022,08/04/2025 12:29:00,08/07/2025 - 10:07,Theft,Investigation Pending,4200 block of Chapel Ln,Property,38.9846081,-76.94248370000001
2025-00174771,08/07/2025 21:46:00,08/08/2025 - 12:08,Theft,Active/Pending,4000 block of Campus Dr,Property,38.9875338,-76.9442923
2025-00174770,08/08/2025 12:04:00,08/08/2025 - 12:14,Assist Other Agency,CBE,7200 block of Baltimore Ave,Public Safety/Suspicious,38.97844970000001,-76.938334
2025-00175180,08/09/2025 01:51:00,08/09/2025 - 01:51,DWI/DUI,Arrest,Baltimore Ave,Substance/Impairment,38.9977211,-76.9315755
2025-00175519,08/09/2025 17:30:00,08/09/2025 - 17:33,Injured/Sick Person,CBE,815 at 7401 Baltimore Ave,Violent/Person-Related,38.9810114,-76.93761280000001
2025-00176609,08/10/2025 21:30:00,08/11/2025 - 09:01,Theft from Auto,Juvenile Arrest,3400 block of Tulane Dr,Property,38.9848973,-76.9585598
2025-00176623,08/11/2025 09:41:00,08/11/2025 - 09:41,Trespassing,Arrest,7700 block of Alumni Dr,Public Safety/Suspicious,38.9864818,-76.94900009999999
2025-00176922,08/11/2025 17:16:00,08/11/2025 - 17:16,Other Incident,Unfounded,4700 block of Rossborough Ln,Public Safety/Suspicious,38.9844586,-76.93292869999999
2025-00176960,08/10/2025 18:00:00,08/11/2025 - 18:43,Vandalism,Juvenile Arrest,3400 block of Tulane Dr,Property,38.9848973,-76.9585598
2025-00177021,08/11/2025 21:16:00,08/11/2025 - 21:16,Injured/Sick Person,CBE,3800 block of Golf Course Rd,Violent/Person-Related,38.9896967,-76.93776
2025-00177195,08/12/2025 02:45:00,08/12/2025 - 02:45,Emergency Petition,CBE,7500 block of Baltimore Ave,Public Safety/Suspicious,38.9824648,-76.9381235
2025-00177471,08/12/2025 12:34:00,08/12/2025 - 12:34,Check on the Welfare,Active/Pending,4300 block of Rowalt Dr,Violent/Person-Related,38.9791063,-76.9413939
2025-00177472,08/12/2025 12:15:00,08/12/2025 - 12:47,Damaged Property,Active/Pending,3400 block of Tulane Dr,Property,38.9848973,-76.9585598
2025-00177485,07/31/2025 08:00:00,08/12/2025 - 14:58,Fraud,CBE,7000 block of Preinkert Dr,Property,38.9830028,-76.9449015
2025-00177497,08/12/2025 13:00:00,08/12/2025 - 15:28,Threat Assessment,Active/Pending,7500 block of Baltimore Ave,Violent/Person-Related,38.9824648,-76.9381235
2025-00177522,08/06/2025 00:00:00,08/12/2025 - 17:04,Fraud,Active/Pending,3400 block of Tulane Dr,Property,38.9848973,-76.9585598
2025-00177559,08/12/2025 18:52:00,08/12/2025 - 18:52,Suspicious Activity,CBE,8500 block of Paint Branch Dr,Public Safety/Suspicious,38.994996,-76.94044699999999
2025-00178038,08/13/2025 13:26:00,08/13/2025 - 13:26,Warrant/Summons Service,Arrest,7500 block of Baltimore Ave,Admin/Legal/Special,38.9824648,-76.9381235
2025-00178057,08/12/2025 20:00:00,08/13/2025 - 15:43,Assist Other Agency,CBE,4300 block of Hartwick Rd,Public Safety/Suspicious,38.9803817,-76.942064
2025-00178120,08/13/2025 17:00:00,08/13/2025 - 17:00,Other Incident,Active/Pending,8500 block of Paint Branch Dr,Public Safety/Suspicious,38.994996,-76.94044699999999
2025-00178378,08/13/2025 23:14:00,08/13/2025 - 23:14,Injured/Sick Person,CBE,4100 block of Valley Dr,Violent/Person-Related,38.9929461,-76.9441777
2025-00178595,08/14/2025 09:25:00,08/14/2025 - 09:33,Other Incident,CBE,3900 block of Campus Dr,Public Safety/Suspicious,38.98595479999999,-76.94751149999999
2025-00178600,08/11/2025 11:00:00,08/14/2025 - 10:10,Theft,Investigation Pending,4000 block of Stadium Dr,Property,38.9924384,-76.9474152
2025-00178847,08/14/2025 19:02:00,08/14/2025 - 19:02,Damage to State Property,CBE,3400 block of Tulane Dr,Property,38.9848973,-76.9585598
2025-00178897,08/14/2025 22:27:00,08/14/2025 - 22:27,Traffic Arrest,Arrest,Metzerott Rd,Admin/Legal/Special,39.0015347,-76.9482196
2025-00178929,08/14/2025 17:00:00,08/14/2025 - 23:59,Theft,CBE,4100 block of Valley Dr,Property,38.9929461,-76.9441777
2025-00178936,08/15/2025 00:23:00,08/15/2025 - 00:23,Trespassing,Arrest,3900 block of Campus Dr,Public Safety/Suspicious,38.98595479999999,-76.94751149999999
2025-00179218,08/15/2025 09:28:00,08/15/2025 - 09:28,Injured/Sick Person,CBE,Lot P2,Violent/Person-Related,38.9990053,-76.9421208
2025-00179698,08/16/2025 01:42:00,08/16/2025 - 01:42,DWI/DUI,Arrest,Metzerott Rd,Substance/Impairment,39.0015347,-76.9482196
2025-00179712,08/16/2025 03:15:00,08/16/2025 - 03:15,DWI/DUI,Arrest,University Blvd,Substance/Impairment,39.0003743,-76.942387
2025-00180048,08/16/2025 15:14:00,08/16/2025 - 15:14,Injured/Sick Person,CBE,4100 block of Valley Dr,Violent/Person-Related,38.9929461,-76.9441777
2025-00180358,08/17/2025 03:14:00,08/17/2025 - 03:14,DWI/DUI,Arrest,University Blvd,Substance/Impairment,39.0003743,-76.942387
2025-00180716,08/17/2025 14:50:00,08/17/2025 - 14:50,Suspicious Person/Auto,CBE,4200 block of Campus Dr,Public Safety/Suspicious,38.9878677,-76.9388881
2025-00180863,08/17/2025 20:37:00,08/17/2025 - 20:37,DWI/DUI,Arrest,Greenmead Dr,Substance/Impairment,39.0028199,-76.943265
2025-00180887,08/17/2025 22:22:00,08/17/2025 - 22:22,DWI/DUI,Arrest,Metzerott Rd,Substance/Impairment,39.0015347,-76.9482196
2025-00180980,08/18/2025 02:39:00,08/18/2025 - 02:39,DWI/DUI,Arrest,University Blvd,Substance/Impairment,39.0003743,-76.942387
2025-00181238,08/18/2025 12:13:00,08/18/2025 - 12:13,Assist Other Agency,CBE,Baltimore Ave,Public Safety/Suspicious,38.9977211,-76.9315755
2025-00181253,05/13/2025 15:00:00,08/18/2025 - 13:10,Theft,Investigation Pending,4200 block of Stadium Dr,Property,38.9905735,-76.94362029999999
2025-00181255,08/18/2025 13:28:00,08/18/2025 - 13:28,Injured/Sick Person,CBE,7500 block of Baltimore Ave,Violent/Person-Related,38.9824648,-76.9381235
2025-00181258,08/18/2025 13:57:00,08/18/2025 - 13:57,Missing Person/Runaway,CBE,7000 block of Preinkert Dr,Violent/Person-Related,38.9830028,-76.9449015
2025-00181650,08/19/2025 05:34:00,08/19/2025 - 05:34,Warrant/Summons Service,Arrest,University Blvd,Admin/Legal/Special,39.0003743,-76.942387
2025-00181760,08/18/2025 16:30:00,08/19/2025 - 10:24,Burglary,Investigation Pending,8400 block of Baltimore Ave,Property,38.99372169999999,-76.93328919999999
2025-00182190,08/19/2025 22:06:00,08/20/2025 - 01:53,Assist Other Agency,CBE,9000 block of Baltimore Ave,Public Safety/Suspicious,38.9992883,-76.9319381
2025-00182273,08/19/2025 20:00:00,08/20/2025 - 05:53,Vandalism,Investigation Pending,3400 block of Tulane Dr,Property,38.9848973,-76.9585598
2025-00182278,07/06/2025 08:00:00,08/20/2025 - 06:34,Theft from Auto,Investigation Pending,3400 block of Tulane Dr,Property,38.9848973,-76.9585598
2025-00182370,08/20/2025 09:00:00,08/20/2025 - 10:25,Assist Other Agency,CBE,8200 block of Baltimore Ave,Public Safety/Suspicious,38.9920829,-76.933889
2025-00182428,08/20/2025 14:07:00,08/20/2025 - 14:07,Check on the Welfare,Active/Pending,4200 block of Knox Rd,Violent/Person-Related,38.9805635,-76.941801
2025-00183158,08/21/2025 20:23:00,08/21/2025 - 20:23,Assist Other Agency,CBE,8300 block of Baltimore Ave,Public Safety/Suspicious,38.9924581,-76.9336071
2025-00183222,08/21/2025 23:20:00,08/21/2025 - 23:28,CDS Violation,CBE,4100 block of Stadium Dr,Substance/Impairment,38.9905774,-76.9450332
2025-00183459,08/22/2025 08:25:00,08/22/2025 - 08:26,Theft,Unfounded,8100 block of Paint Branch Dr,Property,38.9890055,-76.9368496
2025-00183469,08/01/2025 00:00:00,08/22/2025 - 09:14,Assist Other Agency,CBE,7500 block of Baltimore Ave,Public Safety/Suspicious,38.9824648,-76.9381235
2025-00184259,08/23/2025 01:29:00,08/23/2025 - 01:29,DWI/DUI,Arrest,University Blvd,Substance/Impairment,39.0003743,-76.942387
2025-00184283,08/23/2025 03:13:00,08/23/2025 - 03:13,DWI/DUI,Arrest,University Blvd,Substance/Impairment,39.0003743,-76.942387
2025-00184284,08/23/2025 03:24:00,08/23/2025 - 03:24,CDS Violation,CBE,8000 block of Greenmead Dr,Substance/Impairment,39.000958,-76.9447137
2025-00184591,08/23/2025 18:44:00,08/23/2025 - 18:44,Injured/Sick Person,CBE,Lot P2,Violent/Person-Related,38.9990053,-76.9421208
2025-00184628,08/23/2025 20:52:00,08/23/2025 - 20:59,Extortion,CBE,8400 block of Boteler Ln,Admin/Legal/Special,39.0020587,-76.94301569999999
2025-00184654,08/23/2025 22:45:00,08/23/2025 - 22:45,DWI/DUI,Arrest,University Blvd,Substance/Impairment,39.0003743,-76.942387
2025-00184714,08/24/2025 01:17:00,08/24/2025 - 01:17,Injured/Sick Person,CBE,7200 block of Dartmouth Ave,Violent/Person-Related,38.9766884,-76.931643
2025-00185207,08/24/2025 17:00:00,08/24/2025 - 18:23,Extortion,Investigation Pending,7500 block of Mowatt Ln,Admin/Legal/Special,38.9821066,-76.94979119999999
2025-00185404,08/25/2025 01:53:00,08/25/2025 - 01:53,Other Incident,CBE,Lot C1,Public Safety/Suspicious,38.9867596,-76.938469
2025-00185694,08/21/2025 15:00:00,08/25/2025 - 11:41,Other Incident,CBE,7000 block of Preinkert Dr,Public Safety/Suspicious,38.9830028,-76.9449015
2025-00185705,08/25/2025 11:50:00,08/25/2025 - 12:02,Emergency Petition,CBE,4100 block of Valley Dr,Public Safety/Suspicious,38.9929461,-76.9441777
2025-00185712,08/22/2025 12:34:00,08/25/2025 - 12:28,Theft,Investigation Pending,4200 block of Valley Dr,Property,38.993454,-76.9431565
2025-00186060,08/26/2025 02:50:00,08/26/2025 - 02:50,CDS Violation,Arrest,"Frat 13, Zeta Psi Fraternity at 13 Fraternity Row",Substance/Impairment,38.9832775,-76.9367189
2025-00186062,08/25/2025 12:00:00,08/26/2025 - 03:11,Theft from Auto,Investigation Pending,3400 block of Tulane Dr,Property,38.9848973,-76.9585598
2025-00186065,08/26/2025 04:04:00,08/26/2025 - 04:04,Suspicious Person/Auto,CBE,University Blvd,Public Safety/Suspicious,39.0003743,-76.942387
2025-00186279,08/26/2025 07:43:00,08/26/2025 - 15:44,Telephone/EMail Misuse,Investigation Pending,3900 block of Denton Service Ln,Admin/Legal/Special,38.9933705,-76.9496929
2025-00186342,08/26/2025 16:35:00,08/26/2025 - 16:35,Assist Other Agency,CBE,8400 block of Baltimore Ave,Public Safety/Suspicious,38.99372169999999,-76.93328919999999
2025-00186443,08/26/2025 20:15:00,08/26/2025 - 20:19,Dept Property Damage/Loss,CBE,Lot F,Property,38.9896967,-76.93776
2025-00186559,08/26/2025 23:27:00,08/26/2025 - 23:27,Warrant/Summons Service,Arrest,Baltimore Ave,Admin/Legal/Special,38.9977211,-76.9315755
2025-00186891,08/27/2025 16:11:00,08/27/2025 - 16:11,CDS Violation,CBE,3900 block of Denton Service Ln,Substance/Impairment,38.9933705,-76.9496929
2025-00186920,08/27/2025 14:12:00,08/27/2025 - 17:12,Suspicious Activity,CBE,8000 block of Regents Dr,Public Safety/Suspicious,38.9882024,-76.94094489999999
2025-00187102,08/27/2025 21:31:00,08/27/2025 - 21:31,CDS Violation,CBE,4200 block of Valley Dr,Substance/Impairment,38.993454,-76.9431565
2025-00187226,08/28/2025 00:29:00,08/28/2025 - 00:29,Injured/Sick Person,CBE,8200 block of Paint Branch Dr,Violent/Person-Related,38.9899408,-76.9372626
2025-00187330,08/27/2025 08:00:00,08/28/2025 - 06:30,Theft,Warrant Issued,3400 block of Tulane Dr,Property,38.9848973,-76.9585598
2025-00187348,08/27/2025 16:00:00,08/28/2025 - 07:50,Theft,Unfounded,7800 block of Regents Dr,Property,38.9848025,-76.9401137
2025-00187453,08/27/2025 06:00:00,08/28/2025 - 09:59,Theft,Investigation Pending,6900 block of Preinkert Dr,Property,38.981993,-76.94486630000002
2025-00187532,08/28/2025 11:56:00,08/28/2025 - 11:56,Injured/Sick Person,CBE,4000 block of Union Dr,Violent/Person-Related,38.987227,-76.9467337
2025-00187567,08/28/2025 12:40:00,08/28/2025 - 12:49,Fraud,CBE,4400 block of Lehigh Rd,Property,38.9817458,-76.9395967
2025-00187635,08/28/2025 15:39:00,08/28/2025 - 15:49,Injured/Sick Person,CBE,4100 block of Campus Dr,Violent/Person-Related,38.9875851,-76.942092
2025-00187859,08/23/2025 01:00:00,08/28/2025 - 21:42,Other Incident,CBE,8400 block of Boteler Ln,Public Safety/Suspicious,39.0020587,-76.94301569999999
2025-00188003,08/28/2025 23:45:00,08/28/2025 - 23:45,Alcohol Violation,Arrest,Knox Rd,Substance/Impairment,38.9807627,-76.9373827
2025-00188080,08/29/2025 00:32:00,08/29/2025 - 00:32,DWI/DUI,Arrest,University Blvd,Substance/Impairment,39.0003743,-76.942387
2025-00188136,08/29/2025 01:17:00,08/29/2025 - 01:17,Alcohol Violation,Arrest,4300 block of Hartwick Rd,Substance/Impairment,38.9803817,-76.942064
2025-00188382,08/04/2025 06:00:00,08/29/2025 - 07:22,Lost Property,CBE,4000 block of Campus Dr,Property,38.9875338,-76.9442923
2025-00188413,08/29/2025 08:16:00,08/29/2025 - 08:16,Hazardous Condition,CBE,4600 block of Norwich Rd,Public Safety/Suspicious,38.9829653,-76.9338964
2025-00188474,08/29/2025 10:23:00,08/29/2025 - 10:23,Emergency Petition,Active/Pending,8100 block of Baltimore Ave,Public Safety/Suspicious,38.9887708,-76.9352643
2025-00188569,08/29/2025 13:27:00,08/29/2025 - 13:27,Injured/Sick Person,CBE,8000 block of Greenmead Dr,Violent/Person-Related,39.000958,-76.9447137
2025-00188570,08/29/2025 13:32:00,08/29/2025 - 13:32,Other Incident,CBE,4200 block of Terrapin Trl,Public Safety/Suspicious,38.99530190000001,-76.94262069999999
2025-00188586,08/23/2025 04:00:00,08/29/2025 - 14:44,Rape,Active/Pending,3500 block of University Blvd,Violent/Person-Related,38.9865664,-76.9560825
2025-00188664,08/29/2025 16:50:00,08/29/2025 - 16:56,Fire,CBE,4200 block of Valley Dr,Public Safety/Suspicious,38.993454,-76.9431565
2025-00188738,08/28/2025 00:30:00,08/29/2025 - 17:42,Rape,Active/Pending,7400 block of Preinkert Dr,Violent/Person-Related,38.9844638,-76.94541509999999
2025-00188779,08/29/2025 18:30:00,08/29/2025 - 18:37,Theft,Arrest,4100 block of Stadium Dr,Property,38.9905774,-76.9450332
2025-00188982,08/29/2025 23:19:00,08/29/2025 - 23:19,Vandalism,Summons Issued,7500 block of Mowatt Ln,Property,38.9821066,-76.94979119999999
2025-00189079,08/30/2025 01:00:00,08/30/2025 - 01:00,DWI/DUI,Arrest,Baltimore Ave,Substance/Impairment,38.9977211,-76.9315755
2025-00189106,08/30/2025 01:24:00,08/30/2025 - 01:24,DWI/DUI,Arrest,College Ave,Substance/Impairment,38.9804531,-76.9303288
2025-00189135,08/30/2025 02:42:00,08/30/2025 - 02:42,Fraud,Arrest,4100 block of Stadium Dr,Property,38.9905774,-76.9450332
2025-00189172,08/30/2025 05:50:00,08/30/2025 - 05:50,Other Incident,CBE,8100 block of La Plata Dr,Public Safety/Suspicious,38.9919634,-76.94569059999999
2025-00189220,08/30/2025 08:50:00,08/30/2025 - 09:02,Injured/Sick Person,CBE,Lot Z,Violent/Person-Related,38.9896967,-76.93776
2025-00189243,08/30/2025 11:10:00,08/30/2025 - 11:11,Injured/Sick Person,CBE,Lot Z,Violent/Person-Related,38.9896967,-76.93776
2025-00189246,08/30/2025 11:44:00,08/30/2025 - 11:44,Injured/Sick Person,CBE,"Capital One Field, Football Stadium, SECU Stadium",Violent/Person-Related,38.9902668,-76.9472423
2025-00189464,08/30/2025 15:38:00,08/30/2025 - 15:38,Injured/Sick Person,CBE,7700 block of Baltimore Ave,Violent/Person-Related,38.9856695,-76.9370723
2025-00189724,08/31/2025 01:17:00,08/31/2025 - 01:17,DWI/DUI,Arrest,University Blvd,Substance/Impairment,39.0003743,-76.942387
2025-00189725,08/31/2025 01:18:00,08/31/2025 - 01:18,DWI/DUI,Arrest,University Blvd,Substance/Impairment,39.0003743,-76.942387
2025-00189728,08/31/2025 01:29:00,08/31/2025 - 01:29,DWI/DUI,Arrest,University Blvd,Substance/Impairment,39.0003743,-76.942387
2025-00189755,08/31/2025 02:52:00,08/31/2025 - 02:52,Injured/Sick Person,CBE,4000 block of Stadium Dr,Violent/Person-Related,38.9924384,-76.9474152
2025-00189765,08/31/2025 03:12:00,08/31/2025 - 03:12,Injured/Sick Person,CBE,4200 block of Farm Dr,Violent/Person-Related,38.9920645,-76.9437179
2025-00189793,08/31/2025 04:28:00,08/31/2025 - 04:28,DWI/DUI,Arrest,Campus Dr,Substance/Impairment,38.9843452,-76.9325689
2025-00190054,08/30/2025 10:30:00,08/31/2025 - 11:33,Hate Bias Incident,Active/Pending,4200 block of Lehigh Rd,Violent/Person-Related,38.98208770000001,-76.9437792
2025-00190166,08/31/2025 12:00:00,08/31/2025 - 16:29,Theft,Investigation Pending,4100 block of Stadium Dr,Property,38.9905774,-76.9450332
2025-00190574,09/01/2025 00:37:00,09/01/2025 - 00:37,CDS Violation,Arrest,Baltimore Ave,Substance/Impairment,38.9977211,-76.9315755
2025-00190642,09/01/2025 02:52:00,09/01/2025 - 02:52,DWI/DUI,Arrest,Adelphi Rd,Substance/Impairment,38.9943278,-76.9603365
2025-00190776,09/01/2025 08:40:00,09/01/2025 - 09:00,Injured/Sick Person,CBE,300 block of Ehrensberger Dr,Violent/Person-Related,38.9865155,-76.9546613
2025-00191054,09/01/2025 16:02:00,09/01/2025 - 16:02,Injured/Sick Person,CBE,Regents Dr,Violent/Person-Related,38.9874837,-76.9404045
2025-00191079,09/01/2025 16:25:00,09/01/2025 - 16:50,Injured/Sick Person,CBE,300 block of Ehrensberger Dr,Violent/Person-Related,38.9865155,-76.9546613
2025-00191132,09/01/2025 18:00:00,09/01/2025 - 18:12,Injured/Sick Person,CBE,7000 block of Preinkert Dr,Violent/Person-Related,38.9830028,-76.9449015
2025-00191492,09/02/2025 01:36:00,09/02/2025 - 01:36,Warrant/Summons Service,Arrest,University Blvd,Admin/Legal/Special,39.0003743,-76.942387
2025-00191514,09/02/2025 02:23:00,09/02/2025 - 02:23,Injured/Sick Person,CBE,Knox Rd,Violent/Person-Related,38.9807627,-76.9373827
2025-00191546,09/02/2025 04:14:00,09/02/2025 - 04:14,Suspicious Activity,Investigation Pending,7600 block of Library Ln,Public Safety/Suspicious,38.9867114,-76.9451097
2025-00191552,09/02/2025 06:30:00,09/02/2025 - 06:30,Suspicious Person/Auto,CBE,8000 block of Regents Dr,Public Safety/Suspicious,38.9882024,-76.94094489999999
2025-00191557,09/01/2025 17:00:00,09/02/2025 - 06:54,Vandalism,Investigation Pending,Lot 12a,Property,38.9896967,-76.93776
2025-00191561,09/02/2025 07:25:00,09/02/2025 - 07:27,Injured/Sick Person,CBE,7600 block of Baltimore Ave,Violent/Person-Related,38.9842035,-76.9408095
2025-00191810,09/02/2025 14:20:00,09/02/2025 - 14:33,Injured/Sick Person,CBE,3900 block of Campus Dr,Violent/Person-Related,38.98595479999999,-76.94751149999999
2025-00191818,08/25/2025 12:00:00,09/02/2025 - 14:54,Other Incident,CBE,7400 block of Preinkert Dr,Public Safety/Suspicious,38.9844638,-76.94541509999999
2025-00191821,09/02/2025 15:11:00,09/02/2025 - 15:11,Emergency Petition,CBE,3900 block of Campus Dr,Public Safety/Suspicious,38.98595479999999,-76.94751149999999
2025-00191852,08/31/2025 13:00:00,09/02/2025 - 16:16,Suspicious Activity,CBE,Baltimore Ave,Public Safety/Suspicious,38.9977211,-76.9315755
2025-00191870,09/02/2025 14:30:00,09/02/2025 - 17:22,Theft,Investigation Pending,4100 block of Campus Dr,Property,38.9875851,-76.942092
2025-00191922,09/02/2025 13:40:00,09/02/2025 - 19:31,Lost Property,CBE,8100 block of Paint Branch Dr,Property,38.9890055,-76.9368496
2025-00191968,09/02/2025 17:30:00,09/02/2025 - 20:47,Injured Officer,Active/Pending,1 Liberty Dam Rd,Violent/Person-Related,38.9977211,-76.9315755
2025-00192040,09/02/2025 21:47:00,09/02/2025 - 22:46,Suspicious Activity,CBE,8000 block of La Plata Dr,Public Safety/Suspicious,38.9919634,-76.94569059999999
2025-00192164,09/03/2025 02:12:00,09/03/2025 - 02:12,Injured/Sick Person,CBE,4100 block of Stadium Dr,Violent/Person-Related,38.9905774,-76.9450332
2025-00192367,09/03/2025 00:30:00,09/03/2025 - 09:53,Theft,Investigation Pending,Lot 17a,Property,38.9896967,-76.93776
2025-00192518,08/21/2025 22:00:00,09/03/2025 - 13:54,Vandalism,Investigation Pending,3800 block of Stadium Dr,Property,38.9919544,-76.95020939999999
2025-00192519,09/01/2025 14:00:00,09/03/2025 - 13:58,Theft,Unfounded,3900 block of Denton Service Ln,Property,38.9933705,-76.9496929
2025-00192591,09/03/2025 12:00:00,09/03/2025 - 16:46,Theft,Investigation Pending,3900 block of Campus Dr,Property,38.98595479999999,-76.94751149999999
2025-00192690,09/03/2025 20:46:00,09/03/2025 - 20:46,CDS Violation,CBE,8100 block of Boteler Ln,Substance/Impairment,39.0021363,-76.9416662
2025-00192694,09/03/2025 20:55:00,09/03/2025 - 20:55,Injured/Sick Person,CBE,7400 block of Preinkert Dr,Violent/Person-Related,38.9844638,-76.94541509999999
2025-00192696,09/03/2025 20:35:00,09/03/2025 - 21:09,Theft,Arrest,4200 block of Stadium Dr,Property,38.9905735,-76.94362029999999
2025-00192698,09/03/2025 21:15:00,09/03/2025 - 21:15,CDS Violation,CBE,8500 block of Boteler Ln,Substance/Impairment,39.0029545,-76.9427906
2025-00192749,09/03/2025 22:52:00,09/03/2025 - 22:52,Injured/Sick Person,CBE,4500 block of College Ave,Violent/Person-Related,38.9820624,-76.93706829999999
2025-00193109,09/04/2025 09:20:00,09/04/2025 - 09:26,Accident - Departmental,CBE,E Broadbirch Dr / N Cherry Hill Rd,Public Safety/Suspicious,39.0159197,-76.9301742
2025-00193197,09/04/2025 11:15:00,09/04/2025 - 11:22,Emergency Petition,CBE,7000 block of Preinkert Dr,Public Safety/Suspicious,38.9830028,-76.9449015
2025-00193229,09/03/2025 03:33:00,09/04/2025 - 13:02,Theft,Summons Issued,3900 block of Denton Service Ln,Property,38.9933705,-76.9496929
2025-00193230,08/11/2025 18:59:00,09/04/2025 - 13:02,Theft,Investigation Pending,7800 block of Championship Ln,Property,38.9874629,-76.9496427
2025-00193250,09/04/2025 14:00:00,09/04/2025 - 15:09,Theft,Arrest,3400 block of Tulane Dr,Property,38.9848973,-76.9585598
2025-00193264,09/02/2025 08:00:00,09/04/2025 - 16:31,Assist Other Agency,CBE,7600 block of Adelphi Rd,Public Safety/Suspicious,38.9833988,-76.9555218
2025-00193265,09/04/2025 17:02:00,09/04/2025 - 17:02,DWI/DUI,Arrest,8500 block of Paint Branch Dr,Substance/Impairment,38.994996,-76.94044699999999
2025-00193266,09/04/2025 14:50:00,09/04/2025 - 17:08,Injured/Sick Person,Active/Pending,"Hornbake Mall, Hornbake Plaza",Violent/Person-Related,38.9880895,-76.9426129
2025-00193269,09/04/2025 17:14:00,09/04/2025 - 18:21,Accident,CBE,Lot 1b,Public Safety/Suspicious,38.9896967,-76.93776
2025-00193268,09/04/2025 18:34:00,09/04/2025 - 18:23,Injured/Sick Person,CBE,8200 block of Paint Branch Dr,Violent/Person-Related,38.9899408,-76.9372626
2025-00193486,09/03/2025 20:00:00,09/04/2025 - 23:51,Theft,Investigation Pending,7600 block of Library Ln,Property,38.9867114,-76.9451097
2025-00193704,09/05/2025 01:26:00,09/05/2025 - 01:26,Injured/Sick Person,CBE,4200 block of Valley Dr,Violent/Person-Related,38.993454,-76.9431565
2025-00193711,09/05/2025 01:39:00,09/05/2025 - 01:39,DWI/DUI,Arrest,Metzerott Rd,Substance/Impairment,39.0015347,-76.9482196
2025-00193830,09/05/2025 04:39:00,09/05/2025 - 04:39,Trespassing,CBE,Baltimore Ave,Public Safety/Suspicious,38.9977211,-76.9315755
2025-00193855,09/05/2025 04:39:00,09/05/2025 - 05:31,Suspicious Activity,CBE,7700 block of Baltimore Ave,Public Safety/Suspicious,38.9856695,-76.9370723
2025-00193875,09/03/2025 07:30:00,09/05/2025 - 08:06,Burglary,Investigation Pending,4100 block of Campus Dr,Property,38.9875851,-76.942092
2025-00193877,09/04/2025 08:30:00,09/05/2025 - 08:17,Theft,Arrest,3400 block of Tulane Dr,Property,38.9848973,-76.9585598
2025-00193881,09/05/2025 08:40:00,09/05/2025 - 08:40,Injured/Sick Person,CBE,7500 block of Mowatt Ln,Violent/Person-Related,38.9821066,-76.94979119999999
2025-00194106,09/03/2025 11:23:00,09/05/2025 - 15:26,Threat Assessment,Active/Pending,7000 block of 52nd Ave,Violent/Person-Related,38.975845,-76.9240925
2025-00194139,09/05/2025 18:45:00,09/05/2025 - 18:53,Injured/Sick Person,CBE,Lot 9b,Violent/Person-Related,38.9896967,-76.93776
2025-00194141,09/05/2025 18:45:00,09/05/2025 - 19:00,Other Incident,CBE,3800 block of Stadium Dr,Public Safety/Suspicious,38.9919544,-76.95020939999999
2025-00194144,09/05/2025 19:14:00,09/05/2025 - 19:14,Disorderly Conduct,CBE,"Capital One Field, Football Stadium, SECU Stadium",Substance/Impairment,38.9902668,-76.9472423
2025-00194163,09/05/2025 20:27:00,09/05/2025 - 20:27,Injured/Sick Person,CBE,"Capital One Field, Football Stadium, SECU Stadium",Violent/Person-Related,38.9902668,-76.9472423
2025-00194170,09/05/2025 20:20:00,09/05/2025 - 21:20,Emergency Petition,CBE,3900 block of Denton Service Ln,Public Safety/Suspicious,38.9933705,-76.9496929
2025-00194226,09/05/2025 23:55:00,09/05/2025 - 23:55,Injured/Sick Person,CBE,Baltimore Ave,Violent/Person-Related,38.9977211,-76.9315755
2025-00194417,09/06/2025 01:23:00,09/06/2025 - 01:23,Injured/Sick Person,CBE,"Beta Theta Pi Fraternity, Frat 6 at 6 Fraternity Row",Violent/Person-Related,38.9842941,-76.9341955
2025-00194420,09/06/2025 01:00:00,09/06/2025 - 01:24,Injured/Sick Person,CBE,8100 block of Regents Dr,Violent/Person-Related,38.9904589,-76.940693
2025-00194461,09/06/2025 02:04:00,09/06/2025 - 02:04,DWI/DUI,Arrest,University Blvd,Substance/Impairment,39.0003743,-76.942387
2025-00194473,09/06/2025 03:34:00,09/06/2025 - 03:34,DWI/DUI,Arrest,Adelphi Rd,Substance/Impairment,38.9943278,-76.9603365
2025-00194721,09/06/2025 08:43:00,09/06/2025 - 08:43,Injured/Sick Person,CBE,7500 block of Preinkert Dr,Violent/Person-Related,38.9845027,-76.94546509999999
2025-00195117,09/06/2025 20:24:00,09/06/2025 - 20:24,CDS Violation,Active/Pending,4200 block of Farm Dr,Substance/Impairment,38.9920645,-76.9437179
2025-00195136,09/06/2025 21:05:00,09/06/2025 - 22:15,Theft,Unfounded,7500 block of Yale Ave,Property,38.9817875,-76.9362829
2025-00195178,09/06/2025 23:04:00,09/06/2025 - 23:04,Injured/Sick Person,CBE,4100 block of Stadium Dr,Violent/Person-Related,38.9905774,-76.9450332
2025-00195281,09/07/2025 00:51:00,09/07/2025 - 00:51,Alcohol Violation,Arrest,Knox Rd,Substance/Impairment,38.9807627,-76.9373827
2025-00195297,09/07/2025 01:17:00,09/07/2025 - 01:17,Injured/Sick Person,CBE,6900 block of Preinkert Dr,Violent/Person-Related,38.981993,-76.94486630000002
2025-00195320,09/07/2025 01:35:00,09/07/2025 - 01:38,Injured/Sick Person,CBE,Campus Dr,Violent/Person-Related,38.9843452,-76.9325689
2025-00195364,09/07/2025 03:34:00,09/07/2025 - 03:44,CDS Violation,Active/Pending,7500 block of Baltimore Ave,Substance/Impairment,38.9824648,-76.9381235
2025-00195831,09/07/2025 13:55:00,09/07/2025 - 14:00,Injured/Sick Person,CBE,Lot Y,Violent/Person-Related,38.9896967,-76.93776
2025-00196081,09/07/2025 21:10:00,09/07/2025 - 21:26,Suspicious Activity,Active/Pending,4200 block of Fieldhouse Dr,Public Safety/Suspicious,38.9890787,-76.9469513
2025-00196414,09/08/2025 07:00:00,09/08/2025 - 07:38,Theft,Arrest,4100 block of Union Ln,Property,38.9886161,-76.94536180000001
2025-00196469,09/08/2025 08:30:00,09/08/2025 - 09:01,Injured/Sick Person,CBE,3800 block of Stadium Dr,Violent/Person-Related,38.9919544,-76.95020939999999
2025-00196472,09/08/2025 08:25:00,09/08/2025 - 09:04,Accident,CBE,Stadium Dr,Public Safety/Suspicious,38.9905666,-76.9445737
2025-00196580,09/02/2025 15:00:00,09/08/2025 - 10:56,Burglary,Investigation Pending,4100 block of Campus Dr,Property,38.9875851,-76.942092
2025-00196756,09/02/2025 09:30:00,09/08/2025 - 15:30,Burglary,Investigation Pending,4100 block of Campus Dr,Property,38.9875851,-76.942092
2025-00196764,09/08/2025 15:32:00,09/08/2025 - 15:32,Assist Other Agency,CBE,7300 block of Rhode Island Ave,Public Safety/Suspicious,38.9788773,-76.9325927
2025-00196793,09/08/2025 16:44:00,09/08/2025 - 16:44,Injured/Sick Person,CBE,8300 block of Paint Branch Dr,Violent/Person-Related,38.9928421,-76.9373099
2025-00196805,06/01/2025 17:19:00,09/08/2025 - 17:19,Lost Property,CBE,8100 block of Baltimore Ave,Property,38.9887708,-76.9352643
2025-00197014,09/08/2025 22:22:00,09/08/2025 - 22:22,Assist Other Agency,CBE,8400 block of Baltimore Ave,Public Safety/Suspicious,38.99372169999999,-76.93328919999999
2025-00197378,09/09/2025 10:04:00,09/09/2025 - 10:05,Injured/Sick Person,CBE,3800 block of Golf Course Rd,Violent/Person-Related,38.9896967,-76.93776
2025-00197418,09/09/2025 09:30:00,09/09/2025 - 11:16,Theft,Warrant Issued,4700 block of Rossborough Ln,Property,38.9844586,-76.93292869999999
2025-00197441,09/09/2025 11:25:00,09/09/2025 - 12:26,Injured/Sick Person,CBE,4200 block of Stadium Dr,Violent/Person-Related,38.9905735,-76.94362029999999
2025-00197519,09/09/2025 08:00:00,09/09/2025 - 14:44,Other Incident,CBE,"Capital One Field, Football Stadium, SECU Stadium",Public Safety/Suspicious,38.9902668,-76.9472423
2025-00197545,09/09/2025 04:52:00,09/09/2025 - 15:37,Assist Other Agency,CBE,4700 block of Norwich Rd,Public Safety/Suspicious,38.9819849,-76.9314323
2025-00197629,09/09/2025 18:10:00,09/09/2025 - 18:10,Injured/Sick Person,CBE,3900 block of Campus Dr,Violent/Person-Related,38.98595479999999,-76.94751149999999
2025-00197636,09/09/2025 16:00:00,09/09/2025 - 18:27,Theft,Arrest,4300 block of Stadium Dr,Property,38.99051420000001,-76.94167379999999
2025-00197642,09/07/2025 11:45:00,09/09/2025 - 18:38,Theft,Investigation Pending,4300 block of Rowalt Dr,Property,38.9791063,-76.9413939
2025-00197659,09/09/2025 19:21:00,09/09/2025 - 19:21,Emergency Petition,CBE,8100 block of Baltimore Ave,Public Safety/Suspicious,38.9887708,-76.9352643
2025-00197665,09/09/2025 20:52:00,09/09/2025 - 20:52,Assist Other Agency,CBE,8400 block of Baltimore Ave,Public Safety/Suspicious,38.99372169999999,-76.93328919999999
2025-00198111,09/10/2025 09:20:00,09/10/2025 - 09:20,Injured/Sick Person,CBE,8200 block of Alumni Dr,Violent/Person-Related,38.9902808,-76.94967799999999
2025-00198231,09/10/2025 09:30:00,09/10/2025 - 13:35,Theft,Investigation Pending,7600 block of Mowatt Ln,Property,38.9829343,-76.94802539999999
2025-00198385,08/27/2025 14:00:00,09/10/2025 - 16:06,Other Incident,Active/Pending,8300 block of Baltimore Ave,Public Safety/Suspicious,38.9924581,-76.9336071
2025-00198430,09/10/2025 17:29:00,09/10/2025 - 17:29,CDS Violation,CBE,4000 block of Stadium Dr,Substance/Impairment,38.9924384,-76.9474152
2025-00198441,09/10/2025 17:54:00,09/10/2025 - 17:54,Injured/Sick Person,CBE,4000 block of Union Dr,Violent/Person-Related,38.987227,-76.9467337
2025-00198530,09/10/2025 14:00:00,09/10/2025 - 20:18,Theft,Active/Pending,4100 block of Union Ln,Property,38.9886161,-76.94536180000001
2025-00198916,09/11/2025 09:00:00,09/11/2025 - 09:10,Injured/Sick Person,CBE,8500 block of Paint Branch Dr,Violent/Person-Related,38.994996,-76.94044699999999
2025-00198958,09/10/2025 17:06:00,09/11/2025 - 10:17,Suspicious Activity,Active/Pending,8000 block of Greenmead Dr,Public Safety/Suspicious,39.000958,-76.9447137
2025-00199004,09/10/2025 17:11:00,09/11/2025 - 11:42,Telephone/EMail Misuse,Active/Pending,4200 block of Lehigh Rd,Admin/Legal/Special,38.98208770000001,-76.9437792
2025-00199012,09/10/2025 12:29:00,09/11/2025 - 11:47,Theft,Unfounded,4200 block of Lehigh Rd,Property,38.98208770000001,-76.9437792
2025-00199047,09/03/2025 18:54:00,09/11/2025 - 12:47,Theft,Unfounded,4200 block of Lehigh Rd,Property,38.98208770000001,-76.9437792
2025-00199076,09/11/2025 09:20:00,09/11/2025 - 13:51,Accident,CBE,Lot 4B,Public Safety/Suspicious,38.9972118,-76.94089989999999
2025-00199077,09/11/2025 12:00:00,09/11/2025 - 14:10,Theft,Investigation Pending,4300 block of Stadium Dr,Property,38.99051420000001,-76.94167379999999
2025-00199141,09/11/2025 17:31:00,09/11/2025 - 17:31,Warrant/Summons Service,Arrest,4500 block of Rossborough Ln,Admin/Legal/Special,38.9854581,-76.9363764
2025-00199230,09/11/2025 14:00:00,09/11/2025 - 19:49,Theft,Investigation Pending,4700 block of Rossborough Ln,Property,38.9844586,-76.93292869999999
2025-00199177,09/11/2025 18:10:00,09/11/2025 - 20:03,Burglary,Investigation Pending,4000 block of Union Dr,Property,38.987227,-76.9467337
2025-00199896,09/12/2025 11:52:00,09/12/2025 - 11:52,Emergency Petition,CBE,4100 block of Valley Dr,Public Safety/Suspicious,38.9929461,-76.9441777
2025-00199897,09/12/2025 11:45:00,09/12/2025 - 12:05,Title IX Incident Non Criminal,CBE,McKeldin Mall,Admin/Legal/Special,38.9860033,-76.94241540000002
2025-00199898,09/12/2025 12:17:00,09/12/2025 - 12:17,Assist Other Agency,CBE,7700 block of Baltimore Ave,Public Safety/Suspicious,38.9856695,-76.9370723
2025-00200453,09/12/2025 21:00:00,09/12/2025 - 22:10,Emergency Petition,CBE,3900 block of Stadium Dr,Public Safety/Suspicious,38.9920726,-76.9489445
2025-00200483,09/09/2025 20:37:00,09/12/2025 - 22:59,Vandalism,Investigation Pending,Lot 1b,Property,38.9896967,-76.93776
2025-00200597,09/13/2025 01:51:00,09/13/2025 - 01:51,Suspicious Activity,CBE,4200 block of Campus Dr,Public Safety/Suspicious,38.9878677,-76.9388881
2025-00200601,09/13/2025 02:10:00,09/13/2025 - 02:10,Stolen Motor Vehicle,Arrest,Baltimore Ave,Property,38.9977211,-76.9315755
2025-00200630,09/13/2025 03:37:00,09/13/2025 - 03:37,DWI/DUI,Arrest,University Blvd,Substance/Impairment,39.0003743,-76.942387
2025-00200694,09/13/2025 08:49:00,09/13/2025 - 08:49,DWI/DUI,Arrest,4600 block of University Blvd,Substance/Impairment,39.0015388,-76.9363094
2025-00200701,09/13/2025 00:30:00,09/13/2025 - 09:52,Theft from Auto,Summons Issued,3400 block of Tulane Dr,Property,38.9848973,-76.9585598
2025-00200702,09/13/2025 10:01:00,09/13/2025 - 10:01,Emergency Petition,CBE,3900 block of Denton Service Ln,Public Safety/Suspicious,38.9933705,-76.9496929
2025-00200704,09/12/2025 18:00:00,09/13/2025 - 10:21,Theft from Auto,Summons Issued,3400 block of Tulane Dr,Property,38.9848973,-76.9585598
2025-00200803,09/13/2025 13:51:00,09/13/2025 - 13:51,Injured/Sick Person,CBE,"Capital One Field, Football Stadium, SECU Stadium",Violent/Person-Related,38.9902668,-76.9472423
2025-00200825,09/13/2025 14:10:00,09/13/2025 - 14:10,Injured Officer,Investigation Pending,7500 block of Mowatt Ln,Violent/Person-Related,38.9821066,-76.94979119999999
2025-00200834,09/13/2025 14:45:00,09/13/2025 - 14:49,Trespassing,CBE,3900 block of Denton Service Ln,Public Safety/Suspicious,38.9933705,-76.9496929
2025-00200886,09/13/2025 09:30:00,09/13/2025 - 17:02,Dept Property Damage/Loss,CBE,Fieldhouse Dr,Property,38.9887812,-76.945297
2025-00200890,09/13/2025 16:50:00,09/13/2025 - 17:06,Injured/Sick Person,CBE,4600 block of College Ave,Violent/Person-Related,38.9815716,-76.9344835
2025-00200899,09/13/2025 15:30:00,09/13/2025 - 17:18,Assist Other Agency,CBE,6800 block of Dartmouth Ave,Public Safety/Suspicious,38.9730858,-76.9334891
2025-00201140,09/13/2025 22:00:00,09/13/2025 - 22:35,CDS Violation,Active/Pending,8400 block of Boteler Ln,Substance/Impairment,39.0020587,-76.94301569999999
2025-00201189,09/13/2025 23:21:00,09/13/2025 - 23:21,Injured/Sick Person,CBE,8000 block of La Plata Dr,Violent/Person-Related,38.9919634,-76.94569059999999
2025-00201229,09/14/2025 00:06:00,09/14/2025 - 00:06,DWI/DUI,Arrest,3800 block of Stadium Dr,Substance/Impairment,38.9919544,-76.95020939999999
2025-00201313,09/14/2025 02:23:00,09/14/2025 - 02:23,Injured/Sick Person,CBE,7500 block of Calvert Service Ln,Violent/Person-Related,38.98228340000001,-76.9424736
2025-00201652,09/14/2025 12:12:00,09/14/2025 - 12:12,Injured/Sick Person,CBE,3800 block of Campus Dr,Violent/Person-Related,38.98481719999999,-76.94907789999999
2025-00201673,09/14/2025 00:01:00,09/14/2025 - 13:32,Assist Other Agency,CBE,7500 block of Baltimore Ave,Public Safety/Suspicious,38.9824648,-76.9381235
2025-00201685,09/14/2025 00:01:00,09/14/2025 - 13:55,Assist Other Agency,CBE,Unknown,Public Safety/Suspicious,38.9896967,-76.93776
2025-00201737,09/12/2025 10:00:00,09/14/2025 - 15:56,Theft,Unfounded,3900 block of Campus Dr,Property,38.98595479999999,-76.94751149999999
2025-00201993,09/14/2025 20:15:00,09/14/2025 - 20:26,Check on the Welfare,CBE,8500 block of Boteler Ln,Violent/Person-Related,39.0029545,-76.9427906
2025-00202029,08/21/2025 19:00:00,09/14/2025 - 20:48,Assist Other Agency,CBE,8200 block of Baltimore Ave,Public Safety/Suspicious,38.9920829,-76.933889
2025-00202437,09/15/2025 08:59:00,09/15/2025 - 08:59,Other Incident,CBE,4100 block of Campus Dr,Public Safety/Suspicious,38.9875851,-76.942092
2025-00202480,09/15/2025 09:30:00,09/15/2025 - 10:03,Injured/Sick Person,CBE,3900 block of Denton Service Ln,Violent/Person-Related,38.9933705,-76.9496929
2025-00202554,09/15/2025 11:27:00,09/15/2025 - 11:28,Injured/Sick Person,CBE,8000 block of Regents Dr,Violent/Person-Related,38.9882024,-76.94094489999999
2025-00202650,09/15/2025 09:14:00,09/15/2025 - 13:38,Theft,Active/Pending,6900 block of Preinkert Dr,Property,38.981993,-76.94486630000002
2025-00202647,09/08/2025 12:00:00,09/15/2025 - 13:38,Theft,Unfounded,3900 block of Campus Dr,Property,38.98595479999999,-76.94751149999999
2025-00202653,09/01/2025 12:00:00,09/15/2025 - 14:04,Other Incident,CBE,4200 block of Chapel Ln,Public Safety/Suspicious,38.9846081,-76.94248370000001
2025-00202655,09/02/2025 11:00:00,09/15/2025 - 14:21,Accident,CBE,8100 block of Paint Branch Dr,Public Safety/Suspicious,38.9890055,-76.9368496
2025-00202658,09/15/2025 14:33:00,09/15/2025 - 14:33,Emergency Petition,CBE,7500 block of Baltimore Ave,Public Safety/Suspicious,38.9824648,-76.9381235
2025-00202715,09/12/2025 05:00:00,09/15/2025 - 16:01,Burglary,Investigation Pending,7500 block of Yale Ave,Property,38.9817875,-76.9362829
2025-00202959,09/15/2025 22:47:00,09/15/2025 - 23:11,Peeping Tom,Investigation Pending,3900 block of Campus Dr,Violent/Person-Related,38.98595479999999,-76.94751149999999
2025-00203006,09/15/2025 23:55:00,09/16/2025 - 00:04,Suspicious Activity,CBE,7500 block of Yale Ave,Public Safety/Suspicious,38.9817875,-76.9362829
2025-00203046,09/16/2025 01:01:00,09/16/2025 - 01:01,Assist Other Agency,Active/Pending,3300 block of Cool Spring Rd,Public Safety/Suspicious,38.9880763,-76.9589567
2025-00203049,09/10/2025 18:30:00,09/16/2025 - 01:02,Theft,Active/Pending,8100 block of Paint Branch Dr,Property,38.9890055,-76.9368496
2025-00203307,09/16/2025 01:14:00,09/16/2025 - 09:38,Theft,Investigation Pending,8000 block of La Plata Dr,Property,38.9919634,-76.94569059999999
2025-00203414,09/16/2025 11:50:00,09/16/2025 - 13:23,Suspicious Person/Auto,CBE,8000 block of Regents Dr,Public Safety/Suspicious,38.9882024,-76.94094489999999
2025-00203595,09/16/2025 18:15:00,09/16/2025 - 18:21,Injured/Sick Person,CBE,7800 block of Regents Dr,Violent/Person-Related,38.9848025,-76.9401137
2025-00203600,09/13/2025 17:30:00,09/16/2025 - 18:31,Title IX Incident Non Criminal,Active/Pending,4200 block of Lehigh Rd,Admin/Legal/Special,38.98208770000001,-76.9437792
2025-00203704,09/16/2025 22:19:00,09/16/2025 - 22:19,Injured/Sick Person,CBE,7500 block of Yale Ave,Violent/Person-Related,38.9817875,-76.9362829
2025-00203980,09/17/2025 05:49:00,09/17/2025 - 05:49,CDS Violation,Arrest,8100 block of Baltimore Ave,Substance/Impairment,38.9887708,-76.9352643
2025-00204217,09/17/2025 10:19:00,09/17/2025 - 12:27,Theft,Arrest,7200 block of Preinkert Dr,Property,38.9837485,-76.94514509999999
2025-00204218,09/11/2025 09:30:00,09/17/2025 - 12:41,Theft,Investigation Pending,4100 block of Stadium Dr,Property,38.9905774,-76.9450332
2025-00204233,09/17/2025 13:35:00,09/17/2025 - 13:35,Injured/Sick Person,CBE,4200 block of Stadium Dr,Violent/Person-Related,38.9905735,-76.94362029999999
2025-00204273,09/17/2025 14:45:00,09/17/2025 - 14:54,Injured/Sick Person,CBE,4100 block of Stadium Dr,Violent/Person-Related,38.9905774,-76.9450332
2025-00204448,09/17/2025 17:53:00,09/17/2025 - 17:53,Emergency Petition,CBE,4100 block of Guilford Dr,Public Safety/Suspicious,38.9802816,-76.9426166
2025-00204737,09/18/2025 00:12:00,09/18/2025 - 00:12,CDS Violation,CBE,7500 block of Regents Dr,Substance/Impairment,38.982448,-76.9391028
2025-00204747,09/18/2025 00:23:00,09/18/2025 - 00:23,Suspicious Person/Auto,CBE,7600 block of Library Ln,Public Safety/Suspicious,38.9867114,-76.9451097
2025-00205115,09/18/2025 10:53:00,09/18/2025 - 10:53,Emergency Petition,CBE,4100 block of Campus Dr,Public Safety/Suspicious,38.9875851,-76.942092
2025-00205166,09/18/2025 11:57:00,09/18/2025 - 14:01,Injured/Sick Person,CBE,Baltimore Ave,Violent/Person-Related,38.9977211,-76.9315755
2025-00205215,09/18/2025 15:37:00,09/18/2025 - 15:37,Other Incident,CBE,4300 block of Rowalt Dr,Public Safety/Suspicious,38.9791063,-76.9413939
2025-00205216,05/01/2025 07:00:00,09/18/2025 - 15:42,Theft,Investigation Pending,3900 block of Campus Dr,Property,38.98595479999999,-76.94751149999999
2025-00205223,09/18/2025 16:02:00,09/18/2025 - 16:02,Warrant/Summons Service,Arrest,7500 block of Baltimore Ave,Admin/Legal/Special,38.9824648,-76.9381235
2025-00205341,09/17/2025 21:00:00,09/18/2025 - 19:04,Theft,Active/Pending,3400 block of Tulane Dr,Property,38.9848973,-76.9585598
2025-00205404,09/18/2025 20:53:00,09/18/2025 - 20:53,Injured/Sick Person,CBE,4100 block of Stadium Dr,Violent/Person-Related,38.9905774,-76.9450332
2025-00205491,09/18/2025 22:50:00,09/18/2025 - 22:50,Alcohol Violation,Arrest,7400 block of Hopkins Ave,Substance/Impairment,38.9801137,-76.9338946
2025-00205500,09/18/2025 22:56:00,09/18/2025 - 22:56,Alcohol Violation,Arrest,Knox Rd,Substance/Impairment,38.9807627,-76.9373827
2025-00205558,09/19/2025 00:05:00,09/19/2025 - 00:05,Alcohol Violation,Arrest,Norwich Rd,Substance/Impairment,38.9819849,-76.9314323
2025-00205566,09/19/2025 00:21:00,09/19/2025 - 00:21,Alcohol Violation,Arrest,Rhode Island Ave,Substance/Impairment,39.006184,-76.923486
2025-00205639,09/19/2025 01:30:00,09/19/2025 - 01:30,Disorderly Conduct,Arrest,Baltimore Ave,Substance/Impairment,38.9977211,-76.9315755
2025-00205768,09/19/2025 03:18:00,09/19/2025 - 03:18,Warrant/Summons Service,Arrest,Baltimore Ave,Admin/Legal/Special,38.9977211,-76.9315755
2025-00206204,09/19/2025 10:06:00,09/19/2025 - 10:06,Emergency Petition,CBE,8000 block of Hagerstown Dr,Public Safety/Suspicious,38.992392,-76.9477236
2025-00206215,09/19/2025 10:59:00,09/19/2025 - 10:59,Injured/Sick Person,CBE,"Capital One Field, Football Stadium, SECU Stadium",Violent/Person-Related,38.9902668,-76.9472423
2025-00206226,09/19/2025 12:00:00,09/19/2025 - 12:00,Injured/Sick Person,CBE,Campus Dr,Violent/Person-Related,38.9843452,-76.9325689
2025-00206231,09/19/2025 12:41:00,09/19/2025 - 12:41,Accident,CBE,8000 block of Regents Dr,Public Safety/Suspicious,38.9882024,-76.94094489999999
2025-00206272,09/19/2025 14:20:00,09/19/2025 - 14:20,Emergency Petition,CBE,4200 block of Chapel Ln,Public Safety/Suspicious,38.9846081,-76.94248370000001
2025-00206284,09/19/2025 02:30:00,09/19/2025 - 15:52,Theft,Active/Pending,4200 block of Lehigh Rd,Property,38.98208770000001,-76.9437792
2025-00206873,09/20/2025 00:30:00,09/20/2025 - 00:30,Injured/Sick Person,CBE,4500 block of College Ave,Violent/Person-Related,38.9820624,-76.93706829999999
2025-00206939,09/20/2025 01:08:00,09/20/2025 - 01:08,Injured/Sick Person,CBE,6900 block of Preinkert Dr,Violent/Person-Related,38.981993,-76.94486630000002
2025-00206988,09/20/2025 02:04:00,09/20/2025 - 02:04,Injured/Sick Person,CBE,6800 block of Preinkert Dr,Violent/Person-Related,38.981993,-76.94486630000002
2025-00207396,09/20/2025 13:25:00,09/20/2025 - 13:33,Injured/Sick Person,CBE,3900 block of Campus Dr,Violent/Person-Related,38.98595479999999,-76.94751149999999
2025-00207763,05/19/2025 22:00:00,09/20/2025 - 22:00,Dept Property Damage/Loss,CBE,Lot K5,Property,38.9896967,-76.93776
2025-00207783,09/20/2025 22:44:00,09/20/2025 - 22:44,Alcohol Violation,Arrest,Princeton Ave,Substance/Impairment,38.9806654,-76.9350854
2025-00207858,09/20/2025 23:38:00,09/20/2025 - 23:38,Alcohol Violation,Arrest,College Ave,Substance/Impairment,38.9804531,-76.9303288
2025-00207900,09/21/2025 01:16:00,09/21/2025 - 01:16,Title IX Incident Non Criminal,Active/Pending,8100 block of La Plata Dr,Admin/Legal/Special,38.9919634,-76.94569059999999
2025-00207905,09/21/2025 01:30:00,09/21/2025 - 01:50,Injured/Sick Person,CBE,Knox Rd,Violent/Person-Related,38.9807627,-76.9373827
2025-00208071,09/19/2025 19:30:00,09/21/2025 - 09:19,Theft from Auto,CBE,3400 block of Tulane Dr,Property,38.9848973,-76.9585598
2025-00208402,09/21/2025 18:40:00,09/21/2025 - 19:25,Theft,Summons Issued,4100 block of Stadium Dr,Property,38.9905774,-76.9450332
2025-00208926,09/22/2025 08:02:00,09/22/2025 - 08:02,Injured/Sick Person,CBE,4500 block of Campus Dr,Violent/Person-Related,38.9833396,-76.9288995
2025-00209172,09/22/2025 11:55:00,09/22/2025 - 12:01,Accident - Departmental,CBE,845 Chestnut Tree Dr,Public Safety/Suspicious,38.9896967,-76.93776
2025-00209328,09/22/2025 14:15:00,09/22/2025 - 14:35,Suspicious Activity,Active/Pending,7900 block of Regents Dr,Public Safety/Suspicious,38.9861545,-76.9401512
2025-00209362,09/22/2025 15:22:00,09/22/2025 - 15:22,Injured/Sick Person,CBE,7000 block of Preinkert Dr,Violent/Person-Related,38.9830028,-76.9449015
2025-00209378,09/22/2025 13:00:00,09/22/2025 - 15:46,Theft,Investigation Pending,8500 block of Paint Branch Dr,Property,38.994996,-76.94044699999999
2025-00209507,09/19/2025 14:00:00,09/22/2025 - 18:26,Theft,Investigation Pending,8100 block of La Plata Dr,Property,38.9919634,-76.94569059999999
2025-00209510,09/22/2025 18:36:00,09/22/2025 - 18:36,Other Incident,CBE,"Frat 14, Sigma Chi, Sigma Chi Fraternity at 14 Fraternity Row",Public Safety/Suspicious,38.9832282,-76.937186
2025-00209629,09/22/2025 22:41:00,09/22/2025 - 22:41,Alcohol Violation,Arrest,Baltimore Ave,Substance/Impairment,38.9977211,-76.9315755
2025-00209833,09/23/2025 02:31:00,09/23/2025 - 02:31,Assault,Summons Issued,3400 block of Tulane Dr,Violent/Person-Related,38.9848973,-76.9585598
2025-00210075,09/22/2025 11:00:00,09/23/2025 - 09:55,Telephone/EMail Misuse,Unfounded,4100 block of Campus Dr,Admin/Legal/Special,38.9875851,-76.942092
2025-00210077,09/23/2025 09:45:00,09/23/2025 - 10:14,CDS Violation,Active/Pending,4300 block of Knox Rd,Substance/Impairment,38.9814976,-76.9423889
2025-00210088,09/18/2025 18:00:00,09/23/2025 - 10:47,Theft,Investigation Pending,Graduate Hills Apartment #289 at 3431 Tulane Dr,Property,38.9846488,-76.9573158
2025-00210161,09/22/2025 19:00:00,09/23/2025 - 13:31,Theft,Summons Issued,3400 block of Tulane Dr,Property,38.9848973,-76.9585598
2025-00210213,09/22/2025 22:30:00,09/23/2025 - 16:35,Theft,Investigation Pending,4100 block of Stadium Dr,Property,38.9905774,-76.9450332
2025-00210221,09/23/2025 17:25:00,09/23/2025 - 17:25,Emergency Petition,CBE,8100 block of La Plata Dr,Public Safety/Suspicious,38.9919634,-76.94569059999999
2025-00210222,09/23/2025 17:30:00,09/23/2025 - 17:41,Suspicious Activity,Unfounded,Graduate Hills Apartment #289 at 3431 Tulane Dr,Public Safety/Suspicious,38.9846488,-76.9573158
2025-00210230,09/23/2025 17:20:00,09/23/2025 - 19:21,Theft,Investigation Pending,4100 block of Stadium Dr,Property,38.9905774,-76.9450332
2025-00210232,09/23/2025 19:40:00,09/23/2025 - 19:51,Disorderly Conduct,Arrest,4100 block of Stadium Dr,Substance/Impairment,38.9905774,-76.9450332
2025-00210235,09/23/2025 19:35:00,09/23/2025 - 19:55,Hate Bias Incident,Active/Pending,8100 block of Paint Branch Dr,Violent/Person-Related,38.9890055,-76.9368496
2025-00210234,09/23/2025 20:09:00,09/23/2025 - 20:09,Damage to State Property,Active/Pending,5600 block of Rivertech Ct,Property,38.9674473,-76.9299309
2025-00210236,08/20/2025 01:00:00,09/23/2025 - 20:24,Theft,Investigation Pending,Graduate Hills Apartment #289 at 3431 Tulane Dr,Property,38.9846488,-76.9573158
2025-00210271,09/23/2025 20:00:00,09/23/2025 - 22:25,Vandalism,Investigation Pending,3900 block of Denton Service Ln,Property,38.9933705,-76.9496929
2025-00210474,09/24/2025 01:06:00,09/24/2025 - 01:06,DWI/DUI,Arrest,8100 block of Baltimore Ave,Substance/Impairment,38.9887708,-76.9352643
2025-00210791,09/19/2025 15:30:00,09/24/2025 - 13:30,Theft,Active/Pending,4100 block of Stadium Dr,Property,38.9905774,-76.9450332
2025-00210795,09/24/2025 13:43:00,09/24/2025 - 13:43,Other Incident,CBE,7900 block of Regents Dr,Public Safety/Suspicious,38.9861545,-76.9401512
2025-00210814,09/16/2025 17:00:00,09/24/2025 - 14:28,Harassment/Stalking,Investigation Pending,3900 block of Denton Service Ln,Violent/Person-Related,38.9933705,-76.9496929
2025-00210874,09/24/2025 11:49:00,09/24/2025 - 16:10,Accident,Active/Pending,8000 block of Regents Dr,Public Safety/Suspicious,38.9882024,-76.94094489999999
2025-00210894,09/24/2025 17:25:00,09/24/2025 - 17:25,Injured/Sick Person,CBE,7390 River Rd,Violent/Person-Related,38.9752131,-76.9279528
2025-00210910,09/24/2025 18:10:00,09/24/2025 - 18:17,Accident,CBE,Lot 11b,Public Safety/Suspicious,38.9936563,-76.9363982
2025-00210937,09/22/2025 16:30:00,09/24/2025 - 19:05,Theft,Investigation Pending,3400 block of Tulane Dr,Property,38.9848973,-76.9585598
2025-00210969,09/23/2025 15:00:00,09/24/2025 - 20:36,Theft,Summons Issued,3400 block of Tulane Dr,Property,38.9848973,-76.9585598
2025-00211426,09/25/2025 07:10:00,09/25/2025 - 07:10,Injured/Sick Person,CBE,4400 block of Rossborough Ln,Violent/Person-Related,38.9854581,-76.9363764
2025-00211554,09/13/2025 00:00:00,09/25/2025 - 09:21,Extortion,CBE,8000 block of Hagerstown Dr,Admin/Legal/Special,38.992392,-76.9477236
2025-00211647,09/24/2025 16:30:00,09/25/2025 - 10:45,Vandalism,Investigation Pending,7900 block of Regents Dr,Property,38.9861545,-76.9401512
2025-00211753,09/25/2025 15:23:00,09/25/2025 - 15:23,Alarm,CBE,7500 block of Preinkert Dr,Public Safety/Suspicious,38.9845027,-76.94546509999999
2025-00211820,09/25/2025 17:30:00,09/25/2025 - 17:59,Other Incident,CBE,Heritage Community at -1,Public Safety/Suspicious,38.9977211,-76.9315755
2025-00211878,09/25/2025 19:32:00,09/25/2025 - 19:32,Emergency Petition,CBE,909 at 8204 Baltimore Ave,Public Safety/Suspicious,38.9924904,-76.9345975
2025-00211879,09/25/2025 19:58:00,09/25/2025 - 19:58,Suspicious Activity,Unfounded,Graduate Hills Apartment #289 at 3431 Tulane Dr,Public Safety/Suspicious,38.9846488,-76.9573158
2025-00212229,09/26/2025 01:58:00,09/26/2025 - 01:58,DWI/DUI,Arrest,Baltimore Ave,Substance/Impairment,38.9977211,-76.9315755
2025-00212281,09/26/2025 02:40:00,09/26/2025 - 03:03,Assault,CBE,3800 block of Stadium Dr,Violent/Person-Related,38.9919544,-76.95020939999999
2025-00212348,09/26/2025 04:00:00,09/26/2025 - 04:00,Theft,Arrest,3400 block of Tulane Dr,Property,38.9848973,-76.9585598
2025-00212498,09/25/2025 23:30:00,09/26/2025 - 08:01,Vandalism,Arrest,4200 block of Valley Dr,Property,38.993454,-76.9431565
2025-00212514,09/26/2025 08:50:00,09/26/2025 - 08:55,Injured/Sick Person,CBE,4400 block of Stadium Dr,Violent/Person-Related,38.9901705,-76.9391697
2025-00212556,09/26/2025 10:30:00,09/26/2025 - 10:51,Found/Recovered Property,CBE,4300 block of Knox Rd,Property,38.9814976,-76.9423889
2025-00212591,09/25/2025 20:00:00,09/26/2025 - 13:22,Theft,Active/Pending,3400 block of Tulane Dr,Property,38.9848973,-76.9585598
2025-00212602,09/26/2025 11:50:00,09/26/2025 - 14:44,Suspicious Activity,Active/Pending,3900 block of Campus Dr,Public Safety/Suspicious,38.98595479999999,-76.94751149999999
2025-00212605,09/25/2025 14:00:00,09/26/2025 - 14:56,Suspicious Person/Auto,Active/Pending,8000 block of Regents Dr,Public Safety/Suspicious,38.9882024,-76.94094489999999
2025-00212604,09/26/2025 14:20:00,09/26/2025 - 15:24,Emergency Petition,Active/Pending,3800 block of Golf Course Rd,Public Safety/Suspicious,38.9896967,-76.93776
2025-00212654,09/26/2005 12:00:00,09/26/2025 - 16:53,Damaged Property,CBE,7000 block of Preinkert Dr,Property,38.9830028,-76.9449015
2025-00212673,09/25/2025 08:00:00,09/26/2025 - 17:18,Theft,Investigation Pending,Lot 1c,Property,38.9896967,-76.93776
2025-00212760,09/26/2025 18:29:00,09/26/2025 - 18:29,Assist Other Agency,CBE,7400 block of Princeton Ave,Public Safety/Suspicious,38.9806654,-76.93508539999999
2025-00212761,09/26/2025 18:30:00,09/26/2025 - 18:30,Injured/Sick Person,CBE,4100 block of Stadium Dr,Violent/Person-Related,38.9905774,-76.9450332
2025-00212857,09/26/2025 21:08:00,09/26/2025 - 21:08,DWI/DUI,Arrest,University Blvd,Substance/Impairment,39.0003743,-76.942387
2025-00212877,09/26/2025 21:42:00,09/26/2025 - 21:42,Alcohol Violation,Arrest,Knox Rd,Substance/Impairment,38.9807627,-76.9373827
2025-00212880,09/26/2025 21:44:00,09/26/2025 - 21:44,Alcohol Violation,Arrest,Knox Rd,Substance/Impairment,38.9807627,-76.9373827
2025-00212885,09/26/2025 22:02:00,09/26/2025 - 22:02,Alcohol Violation,Arrest,Knox Rd,Substance/Impairment,38.9807627,-76.9373827
2025-00212886,09/26/2025 22:05:00,09/26/2025 - 22:05,Alcohol Violation,Arrest,Knox Rd,Substance/Impairment,38.9807627,-76.9373827
2025-00212890,09/26/2025 22:11:00,09/26/2025 - 22:11,Alcohol Violation,Arrest,Knox Rd,Substance/Impairment,38.9807627,-76.9373827
2025-00212893,09/26/2025 22:19:00,09/26/2025 - 22:19,Alcohol Violation,Arrest,Knox Rd,Substance/Impairment,38.9807627,-76.9373827
2025-00212895,09/26/2025 22:41:00,09/26/2025 - 22:41,Alcohol Violation,Arrest,Knox Rd,Substance/Impairment,38.9807627,-76.9373827
2025-00213038,09/27/2025 00:40:00,09/27/2025 - 00:40,Alcohol Violation,Arrest,Knox Rd,Substance/Impairment,38.9807627,-76.9373827
2025-00213039,09/27/2025 00:35:00,09/27/2025 - 00:41,Alcohol Violation,Arrest,College Ave,Substance/Impairment,38.9804531,-76.9303288
2025-00213071,09/27/2025 00:55:00,09/27/2025 - 01:01,Alcohol Violation,Arrest,Knox Rd,Substance/Impairment,38.9807627,-76.9373827
2025-00213205,09/27/2025 01:57:00,09/27/2025 - 01:57,Injured/Sick Person,CBE,3900 block of Denton Service Ln,Violent/Person-Related,38.9933705,-76.9496929
2025-00213222,09/26/2025 09:30:00,09/27/2025 - 02:34,Injured/Sick Person,CBE,7500 block of Regents Dr,Violent/Person-Related,38.982448,-76.9391028
2025-00213475,09/27/2025 08:00:00,09/27/2025 - 11:24,Hazardous Condition,CBE,8200 block of Alumni Dr,Public Safety/Suspicious,38.9902808,-76.94967799999999
2025-00213614,09/27/2025 17:31:00,09/27/2025 - 17:31,Injured/Sick Person,CBE,4100 block of Valley Dr,Violent/Person-Related,38.9929461,-76.9441777
2025-00213719,09/27/2025 19:01:00,09/27/2025 - 19:01,Alcohol Violation,Arrest,Knox Rd,Substance/Impairment,38.9807627,-76.9373827
2025-00213887,09/27/2025 23:45:00,09/27/2025 - 23:47,Alcohol Violation,Arrest,College Ave,Substance/Impairment,38.9804531,-76.9303288
2025-00213927,09/28/2025 00:30:00,09/28/2025 - 00:34,Damage to State Property,CBE,3900 block of Denton Service Ln,Property,38.9933705,-76.9496929
2025-00213951,09/28/2025 01:40:00,09/28/2025 - 01:40,Injured/Sick Person,CBE,Lot 9b,Violent/Person-Related,38.9896967,-76.93776
2025-00214233,09/27/2025 20:00:00,09/28/2025 - 09:21,Theft,Investigation Pending,3400 block of Tulane Dr,Property,38.9848973,-76.9585598
2025-00214439,09/28/2025 16:59:00,09/28/2025 - 16:59,Injured/Sick Person,Active/Pending,Stadium Dr,Violent/Person-Related,38.9905666,-76.9445737
2025-00214455,09/28/2025 18:00:00,09/28/2025 - 17:59,Injured/Sick Person,CBE,"Capital One Field, Football Stadium, SECU Stadium",Violent/Person-Related,38.9902668,-76.9472423
2025-00214503,09/28/2025 21:00:00,09/28/2025 - 21:16,Assault,Investigation Pending,3800 block of Campus Dr,Violent/Person-Related,38.98481719999999,-76.94907789999999
2025-00214517,09/28/2025 21:00:00,09/28/2025 - 21:45,Assist Other Agency,Active/Pending,Guilford Rd,Public Safety/Suspicious,38.9770322,-76.9333067
2025-00214905,09/28/2025 21:00:00,09/29/2025 - 07:56,Theft,Investigation Pending,3900 block of Denton Service Ln,Property,38.9933705,-76.9496929
2025-00215194,09/29/2025 10:15:00,09/29/2025 - 12:21,Other Incident,CBE,5200 block of Greenbelt Rd,Public Safety/Suspicious,38.9981644,-76.9216679
2025-00215204,09/26/2025 08:00:00,09/29/2025 - 12:48,Damage to State Property,CBE,8000 block of Regents Dr,Property,38.9882024,-76.94094489999999
2025-00215215,09/29/2025 13:07:00,09/29/2025 - 13:07,Assist Other Agency,CBE,8900 block of 34th Ave,Public Safety/Suspicious,39.0005397,-76.9497993
2025-00215221,09/28/2025 23:10:00,09/29/2025 - 13:20,Theft,Investigation Pending,8000 block of Hagerstown Dr,Property,38.992392,-76.9477236
2025-00215237,09/29/2025 13:42:00,09/29/2025 - 14:02,Other Incident,CBE,4000 block of Fieldhouse Dr,Public Safety/Suspicious,38.9889266,-76.94601800000001
2025-00215597,09/29/2025 21:05:00,09/29/2025 - 21:16,Fire,Active/Pending,8300 block of Baltimore Ave,Public Safety/Suspicious,38.9924581,-76.9336071
2025-00216153,09/30/2025 09:19:00,09/30/2025 - 09:19,Injured/Sick Person,CBE,5200 block of Greenbelt Rd,Violent/Person-Related,38.9981644,-76.9216679
2025-00216206,09/26/2025 22:00:00,09/30/2025 - 11:25,Assist Other Agency,CBE,"Hillel Jewish Center, Rosenbloom Hillel Jewish Center at 7612 Mowatt Ln",Public Safety/Suspicious,38.9827573,-76.9487473
2025-00216235,09/30/2025 12:07:00,09/30/2025 - 12:07,Injured/Sick Person,CBE,4100 block of Stadium Dr,Violent/Person-Related,38.9905774,-76.9450332
2025-00216241,09/30/2025 12:35:00,09/30/2025 - 12:35,Emergency Petition,CBE,4000 block of Union Dr,Public Safety/Suspicious,38.987227,-76.9467337
2025-00216243,09/28/2025 14:00:00,09/30/2025 - 12:54,Vandalism,Investigation Pending,8000 block of Hagerstown Dr,Property,38.992392,-76.9477236
2025-00216262,09/30/2025 10:16:00,09/30/2025 - 14:33,Suspicious Activity,CBE,7500 block of Baltimore Ave,Public Safety/Suspicious,38.9824648,-76.9381235
2025-00216276,09/26/2025 23:00:00,09/30/2025 - 15:07,Assist Other Agency,CBE,7600 block of Regents Dr,Public Safety/Suspicious,38.982614,-76.9394962
2025-00216309,09/28/2025 18:30:00,09/30/2025 - 16:19,Theft,Investigation Pending,3900 block of Campus Dr,Property,38.98595479999999,-76.94751149999999
2025-00216435,08/01/2025 00:01:00,09/30/2025 - 18:12,Assist Other Agency,Active/Pending,4300 block of Hartwick Rd,Public Safety/Suspicious,38.9803817,-76.942064
2025-00216773,10/01/2025 01:36:00,10/01/2025 - 01:36,Burglary,Arrest,"Alpha Sigma Phi, Frat 9 at 9 Fraternity Row",Property,38.9832908,-76.9346099
2025-00216789,10/01/2025 02:52:00,10/01/2025 - 02:52,DWI/DUI,Arrest,8500 block of Paint Branch Dr,Substance/Impairment,38.994996,-76.94044699999999
2025-00216904,10/01/2025 08:02:00,10/01/2025 - 08:02,Damage to State Property,CBE,6900 block of Preinkert Dr,Property,38.981993,-76.94486630000002
2025-00217098,10/01/2025 11:37:00,10/01/2025 - 11:37,Other Incident,CBE,7500 block of Baltimore Ave,Public Safety/Suspicious,38.9824648,-76.9381235
2025-00217149,10/01/2025 15:14:00,10/01/2025 - 15:14,Theft,CBE,3900 block of Campus Dr,Property,38.98595479999999,-76.94751149999999
2025-00217188,10/01/2025 11:00:00,10/01/2025 - 16:33,Other Incident,Active/Pending,McKeldin Mall,Public Safety/Suspicious,38.9860033,-76.94241540000002
2025-00217261,10/01/2025 18:18:00,10/01/2025 - 18:18,Recovered Stolen Motor Vehicle,CBE,University Blvd,Property,39.0003743,-76.942387
2025-00217834,10/02/2025 09:02:00,10/02/2025 - 09:02,Alarm,CBE,8200 block of Paint Branch Dr,Public Safety/Suspicious,38.9899408,-76.9372626
2025-00217927,10/01/2025 12:01:00,10/02/2025 - 12:01,Other Incident,CBE,8200 block of Paint Branch Dr,Public Safety/Suspicious,38.9899408,-76.9372626
2025-00217933,10/02/2025 12:12:00,10/02/2025 - 12:12,Suspicious Activity,CBE,Adelphi Rd,Public Safety/Suspicious,38.9943278,-76.9603365
2025-00218197,10/02/2025 12:30:00,10/02/2025 - 19:36,Injured/Sick Person,CBE,7000 block of Preinkert Dr,Violent/Person-Related,38.9830028,-76.9449015
2025-00218242,10/02/2025 21:25:00,10/02/2025 - 21:25,Injured/Sick Person,CBE,3800 block of Golf Course Rd,Violent/Person-Related,38.9896967,-76.93776
2025-00218370,10/02/2025 23:41:00,10/02/2025 - 23:41,DWI/DUI,Arrest,Baltimore Ave,Substance/Impairment,38.9977211,-76.9315755
2025-00218746,10/03/2025 04:00:00,10/03/2025 - 04:26,Dept Property Damage/Loss,CBE,"Hillel Jewish Center, Rosenbloom Hillel Jewish Center at 7612 Mowatt Ln",Property,38.9827573,-76.9487473
2025-00218868,10/02/2025 10:45:00,10/03/2025 - 08:53,Theft,Investigation Pending,7700 block of Alumni Dr,Property,38.9864818,-76.94900009999999
2025-00218902,10/03/2025 10:00:00,10/03/2025 - 10:00,Emergency Petition,CBE,4200 block of Lehigh Rd,Public Safety/Suspicious,38.98208770000001,-76.9437792
2025-00218905,10/03/2025 09:30:00,10/03/2025 - 10:04,Other Incident,Active/Pending,7900 block of Regents Dr,Public Safety/Suspicious,38.9861545,-76.9401512
2025-00219061,10/02/2025 22:30:00,10/03/2025 - 13:51,Theft,Investigation Pending,3900 block of Denton Service Ln,Property,38.9933705,-76.9496929
2025-00219067,10/03/2025 13:55:00,10/03/2025 - 13:58,Other Incident,CBE,Paint Branch Dr,Public Safety/Suspicious,38.9936058,-76.9373043
2025-00219073,10/03/2025 11:44:00,10/03/2025 - 14:06,Emergency Petition,CBE,8000 block of Hagerstown Dr,Public Safety/Suspicious,38.992392,-76.9477236
2025-00219081,10/03/2025 14:46:00,10/03/2025 - 14:46,Emergency Petition,CBE,4200 block of Chapel Ln,Public Safety/Suspicious,38.9846081,-76.94248370000001
2025-00219086,10/03/2025 15:38:00,10/03/2025 - 15:38,Emergency Petition,CBE,4200 block of Chapel Ln,Public Safety/Suspicious,38.9846081,-76.94248370000001
2025-00219426,10/03/2025 22:00:00,10/03/2025 - 22:46,Hate Bias Incident,Active/Pending,3900 block of Denton Service Ln,Violent/Person-Related,38.9933705,-76.9496929
2025-00219541,10/04/2025 01:01:00,10/04/2025 - 01:01,DWI/DUI,Arrest,University Blvd,Substance/Impairment,39.0003743,-76.942387
2025-00219582,10/04/2025 02:15:00,10/04/2025 - 02:20,Assist Other Agency,CBE,7300 block of Baltimore Ave,Public Safety/Suspicious,38.9798471,-76.938289
2025-00219583,10/04/2025 02:30:00,10/04/2025 - 02:30,Injured/Sick Person,CBE,4300 block of Knox Rd,Violent/Person-Related,38.9814976,-76.9423889
2025-00219603,10/04/2025 03:30:00,10/04/2025 - 03:48,Disorderly Conduct,CBE,4000 block of Stadium Dr,Substance/Impairment,38.9924384,-76.9474152
2025-00219664,10/04/2025 05:50:00,10/04/2025 - 05:50,Injured/Sick Person,CBE,8300 block of Paint Branch Dr,Violent/Person-Related,38.9928421,-76.9373099
2025-00219982,10/04/2025 14:17:00,10/04/2025 - 14:17,Injured/Sick Person,CBE,Lot 1b,Violent/Person-Related,38.9896967,-76.93776
2025-00220013,10/04/2025 15:31:00,10/04/2025 - 15:31,Fire,CBE,Lot XX1,Public Safety/Suspicious,38.9896967,-76.93776
2025-00220029,10/04/2025 16:11:00,10/04/2025 - 16:11,Injured/Sick Person,CBE,"Capital One Field, Football Stadium, SECU Stadium",Violent/Person-Related,38.9902668,-76.9472423
2025-00220070,10/04/2025 17:31:00,10/04/2025 - 17:31,Found/Recovered Property,CBE,8000 block of Regents Dr,Property,38.9882024,-76.94094489999999
2025-00220098,10/04/2025 18:42:00,10/04/2025 - 18:42,Assault,Juvenile Arrest,"Capital One Field, Football Stadium, SECU Stadium",Violent/Person-Related,38.9902668,-76.9472423
2025-00220383,10/05/2025 00:41:00,10/05/2025 - 00:41,DWI/DUI,Arrest,University Blvd,Substance/Impairment,39.0003743,-76.942387
2025-00220411,10/05/2025 01:15:00,10/05/2025 - 01:15,DWI/DUI,Arrest,University Blvd,Substance/Impairment,39.0003743,-76.942387
2025-00220417,01/21/2025 01:21:00,10/05/2025 - 01:21,Injured/Sick Person,CBE,4100 block of Stadium Dr,Violent/Person-Related,38.9905774,-76.9450332
2025-00220736,10/05/2025 11:20:00,10/05/2025 - 11:30,Injured/Sick Person,CBE,4200 block of Farm Dr,Violent/Person-Related,38.9920645,-76.9437179
2025-00220748,10/05/2025 12:43:00,10/05/2025 - 12:43,Alarm,CBE,7800 block of Alumni Dr,Public Safety/Suspicious,38.989612,-76.94943289999999
2025-00220760,10/05/2025 10:00:00,10/05/2025 - 13:10,Theft,Investigation Pending,4100 block of Union Ln,Property,38.9886161,-76.94536180000001
2025-00220774,10/03/2025 15:00:00,10/05/2025 - 13:53,Theft,Investigation Pending,7700 block of Adelphi Rd,Property,38.98431860000001,-76.9557727
2025-00220801,10/05/2025 14:00:00,10/05/2025 - 15:20,Emergency Petition,CBE,8400 block of Baltimore Ave,Public Safety/Suspicious,38.99372169999999,-76.93328919999999
2025-00221270,10/03/2025 07:00:00,10/06/2025 - 07:46,Other Incident,CBE,8200 block of Paint Branch Dr,Public Safety/Suspicious,38.9899408,-76.9372626
2025-00221355,10/06/2025 09:45:00,10/06/2025 - 09:45,Emergency Petition,CBE,4000 block of Stadium Dr,Public Safety/Suspicious,38.9924384,-76.9474152
2025-00221349,10/03/2025 17:00:00,10/06/2025 - 09:49,Vandalism,Investigation Pending,,Property,,
2025-00221472,10/06/2025 12:15:00,10/06/2025 - 12:18,Accident - Departmental,Active/Pending,7300 block of Baltimore Ave,Public Safety/Suspicious,38.9798471,-76.938289
2025-00221492,10/06/2025 13:05:00,10/06/2025 - 13:13,Warrant/Summons Service,Arrest,2400 block of Griffen St,Admin/Legal/Special,38.98108939999999,-76.9696664
2025-00221663,10/06/2025 17:25:00,10/06/2025 - 17:30,Theft,Arrest,4400 block of Calvert Rd,Property,38.97844389999999,-76.9385478
2025-00221776,10/06/2025 22:32:00,10/06/2025 - 22:32,Suspicious Person/Auto,CBE,Lot 11b,Public Safety/Suspicious,38.9936563,-76.9363982
2025-00221964,10/07/2025 01:29:00,10/07/2025 - 01:29,Recovered Stolen Property,Arrest,4300 block of Campus Dr,Property,38.9883647,-76.9373325
2025-00221981,10/07/2025 03:14:00,10/07/2025 - 03:14,Injured/Sick Person,Active/Pending,7500 block of Calvert Service Ln,Violent/Person-Related,38.98228340000001,-76.9424736
2025-00221988,10/06/2025 12:30:00,10/07/2025 - 04:13,Other Incident,CBE,8200 block of Paint Branch Dr,Public Safety/Suspicious,38.9899408,-76.9372626
2025-00222126,10/07/2025 09:15:00,10/07/2025 - 09:19,Injured/Sick Person,CBE,4200 block of Valley Dr,Violent/Person-Related,38.993454,-76.9431565
2025-00222180,10/07/2025 10:15:00,10/07/2025 - 10:31,Injured/Sick Person,CBE,"Capital One Field, Football Stadium, SECU Stadium",Violent/Person-Related,38.9902668,-76.9472423
2025-00222194,10/06/2025 12:00:00,10/07/2025 - 10:42,Vandalism,Investigation Pending,8200 block of Paint Branch Dr,Property,38.9899408,-76.9372626
2025-00222286,10/04/2025 08:00:00,10/07/2025 - 15:07,Other Incident,Active/Pending,7500 block of Baltimore Ave,Public Safety/Suspicious,38.9824648,-76.9381235
2025-00222339,10/05/2025 12:00:00,10/07/2025 - 15:46,Vandalism,Investigation Pending,4400 block of Stadium Dr,Property,38.9901705,-76.9391697
2025-00222397,10/04/2025 22:00:00,10/07/2025 - 16:53,Theft,Active/Pending,Graduate Hills Apartment #289 at 3431 Tulane Dr,Property,38.9846488,-76.9573158
2025-00222513,10/07/2025 19:34:00,10/07/2025 - 19:34,Emergency Petition,CBE,4100 block of Valley Dr,Public Safety/Suspicious,38.9929461,-76.9441777
2025-00222525,10/07/2025 19:15:00,10/07/2025 - 20:53,Theft,Unfounded,4100 block of Campus Dr,Property,38.9875851,-76.942092
2025-00222527,10/07/2025 20:55:00,10/07/2025 - 21:02,Injured/Sick Person,CBE,7600 block of Baltimore Ave,Violent/Person-Related,38.9842035,-76.9408095
2025-00222688,10/07/2025 21:21:00,10/07/2025 - 23:45,Police Information,CBE,7500 block of Baltimore Ave,Public Safety/Suspicious,38.9824648,-76.9381235
2025-00222693,10/07/2025 23:50:00,10/07/2025 - 23:50,Injured/Sick Person,CBE,Lot 11b,Violent/Person-Related,38.9936563,-76.9363982
2025-00222717,10/07/2025 23:40:00,10/08/2025 - 00:27,Theft,Active/Pending,3900 block of Denton Service Ln,Property,38.9933705,-76.9496929
2025-00222724,10/08/2025 01:13:00,10/08/2025 - 01:13,DWI/DUI,Arrest,4300 block of Campus Dr,Substance/Impairment,38.9883647,-76.9373325
2025-00222751,10/08/2025 01:54:00,10/08/2025 - 01:54,DWI/DUI,Arrest,Baltimore Ave,Substance/Impairment,38.9977211,-76.9315755
2025-00222769,10/08/2025 02:49:00,10/08/2025 - 02:48,Domestic,Arrest,8400 block of Baltimore Ave,Violent/Person-Related,38.99372169999999,-76.93328919999999
2025-00222794,10/08/2025 04:26:00,10/08/2025 - 04:26,Other Incident,CBE,8200 block of Paint Branch Dr,Public Safety/Suspicious,38.9899408,-76.9372626
2025-00223091,10/03/2025 16:00:00,10/08/2025 - 14:20,Theft,Active/Pending,4200 block of Lehigh Rd,Property,38.98208770000001,-76.9437792
2025-00223282,10/08/2025 17:37:00,10/08/2025 - 17:37,Injured/Sick Person,CBE,4000 block of Union Dr,Violent/Person-Related,38.987227,-76.9467337
2025-00223348,10/08/2025 09:00:00,10/08/2025 - 19:08,Injured/Sick Person,CBE,3900 block of Campus Dr,Violent/Person-Related,38.98595479999999,-76.94751149999999
2025-00223381,10/08/2025 20:26:00,10/08/2025 - 20:26,Injured/Sick Person,CBE,8100 block of La Plata Dr,Violent/Person-Related,38.9919634,-76.94569059999999
2025-00223391,10/08/2025 15:54:00,10/08/2025 - 21:03,Assist Other Agency,CBE,7500 block of Baltimore Ave,Public Safety/Suspicious,38.9824648,-76.9381235
2025-00223550,10/08/2025 23:50:00,10/08/2025 - 23:50,Injured/Sick Person,Active/Pending,7600 block of Regents Dr,Violent/Person-Related,38.982614,-76.9394962
2025-00223593,10/09/2025 00:34:00,10/09/2025 - 00:34,Assist Other Agency,CBE,9000 block of Baltimore Ave,Public Safety/Suspicious,38.9992883,-76.9319381
2025-00223820,10/09/2025 06:00:00,10/09/2025 - 06:50,Other Incident,CBE,8200 block of Paint Branch Dr,Public Safety/Suspicious,38.9899408,-76.9372626
2025-00223891,10/09/2025 09:01:00,10/09/2025 - 09:01,Assist Other Agency,CBE,4300 block of Knox Rd,Public Safety/Suspicious,38.9814976,-76.9423889
2025-00223909,10/09/2025 10:25:00,10/09/2025 - 10:25,Other Incident,CBE,8000 block of Regents Dr,Public Safety/Suspicious,38.9882024,-76.94094489999999
2025-00223936,10/09/2025 12:04:00,10/09/2025 - 12:04,Injured/Sick Person,CBE,8000 block of Regents Dr,Violent/Person-Related,38.9882024,-76.94094489999999
2025-00223945,10/09/2025 10:00:00,10/09/2025 - 12:37,Injured/Sick Person,CBE,3900 block of Campus Dr,Violent/Person-Related,38.98595479999999,-76.94751149999999
2025-00224002,10/08/2025 10:21:00,10/09/2025 - 14:42,Theft,Investigation Pending,8000 block of Hagerstown Dr,Property,38.992392,-76.9477236
2025-00224016,10/09/2025 14:58:00,10/09/2025 - 14:58,Check on the Welfare,CBE,8100 block of La Plata Dr,Violent/Person-Related,38.9919634,-76.94569059999999
2025-00224149,10/09/2025 18:25:00,10/09/2025 - 18:32,Sex Offense,Arrest,4100 block of Stadium Dr,Violent/Person-Related,38.9905774,-76.9450332
2025-00224151,10/09/2025 16:30:00,10/09/2025 - 18:56,Theft,Investigation Pending,8200 block of Paint Branch Dr,Property,38.9899408,-76.9372626
2025-00224162,10/09/2025 18:40:00,10/09/2025 - 19:50,Other Incident,CBE,3800 block of Stadium Dr,Public Safety/Suspicious,38.9919544,-76.95020939999999
2025-00224200,09/25/2025 17:00:00,10/09/2025 - 22:01,Sex Offense,Summons Issued,4100 block of Stadium Dr,Violent/Person-Related,38.9905774,-76.9450332
2025-00224269,10/09/2025 23:05:00,10/09/2025 - 23:05,Injured/Sick Person,CBE,7300 block of Baltimore Ave,Violent/Person-Related,38.9798471,-76.938289
2025-00224301,10/08/2025 00:00:00,10/09/2025 - 23:16,Extortion,CBE,7500 block of Baltimore Ave,Admin/Legal/Special,38.9824648,-76.9381235
2025-00224345,10/09/2025 23:55:00,10/09/2025 - 23:55,Injured/Sick Person,CBE,Dickinson Ave,Violent/Person-Related,38.98088,-76.9341977
2025-00224860,10/09/2025 21:00:00,10/10/2025 - 09:54,Theft,Investigation Pending,4100 block of Stadium Dr,Property,38.9905774,-76.9450332
2025-00224899,10/09/2025 22:00:00,10/10/2025 - 11:12,Hate Bias Incident,Active/Pending,4200 block of Farm Dr,Violent/Person-Related,38.9920645,-76.9437179
2025-00224925,10/10/2025 10:00:00,10/10/2025 - 12:38,Extortion,Active/Pending,7500 block of Baltimore Ave,Admin/Legal/Special,38.9824648,-76.9381235
2025-00224976,10/10/2025 15:05:00,10/10/2025 - 15:27,Vandalism,Active/Pending,7600 block of Library Ln,Property,38.9867114,-76.9451097
2025-00225218,10/10/2025 18:50:00,10/10/2025 - 18:54,Injured/Sick Person,CBE,3900 block of Campus Dr,Violent/Person-Related,38.98595479999999,-76.94751149999999
2025-00225386,09/18/2025 21:20:00,10/10/2025 - 21:36,Theft,Investigation Pending,Lot U1,Property,38.9896967,-76.93776
2025-00225417,10/10/2025 22:14:00,10/10/2025 - 22:14,Accident - Departmental,CBE,Lot 1b,Public Safety/Suspicious,38.9896967,-76.93776
2025-00225424,10/10/2025 22:00:00,10/10/2025 - 22:29,Vandalism,Arrest,7500 block of Mowatt Ln,Property,38.9821066,-76.94979119999999
2025-00225500,10/10/2025 23:58:00,10/10/2025 - 23:58,DWI/DUI,Arrest,University Blvd,Substance/Impairment,39.0003743,-76.942387
2025-00225580,10/11/2025 00:39:00,10/11/2025 - 00:39,DWI/DUI,Arrest,University Blvd,Substance/Impairment,39.0003743,-76.942387
2025-00225621,10/10/2025 17:30:00,10/11/2025 - 01:00,Vandalism,Active/Pending,7500 block of Mowatt Ln,Property,38.9821066,-76.94979119999999
2025-00225710,10/10/2025 22:00:00,10/11/2025 - 04:31,Assist Other Agency,CBE,7900 block of New Hampshire Ave,Public Safety/Suspicious,38.98969040000001,-76.9881173
2025-00225941,10/11/2025 10:35:00,10/11/2025 - 10:37,Recovered Stolen Property,Arrest,8900 block of Paint Branch Dr,Property,38.998907,-76.94159789999999
2025-00225948,10/11/2025 11:36:00,10/11/2025 - 11:36,Assist Other Agency,CBE,5000 block of Berwyn Rd,Public Safety/Suspicious,38.9949501,-76.9262688
2025-00226049,10/11/2025 15:18:00,10/11/2025 - 15:18,Injured/Sick Person,CBE,Engineering Dr,Violent/Person-Related,38.99093,-76.9386784
2025-00226077,10/11/2025 17:20:00,10/11/2025 - 17:23,Injured/Sick Person,CBE,3900 block of Campus Dr,Violent/Person-Related,38.98595479999999,-76.94751149999999
2025-00226111,10/09/2025 19:30:00,10/11/2025 - 18:58,Theft,Investigation Pending,3400 block of Tulane Dr,Property,38.9848973,-76.9585598
2025-00226114,10/11/2025 19:11:00,10/11/2025 - 19:17,Assault,Active/Pending,Lot 1c,Violent/Person-Related,38.9896967,-76.93776
2025-00226118,10/11/2025 19:36:00,10/11/2025 - 19:36,DWI/DUI,Arrest,8000 block of Regents Dr,Substance/Impairment,38.9882024,-76.94094489999999
2025-00226207,10/11/2025 23:00:00,10/12/2025 - 00:24,Check on the Welfare,CBE,3900 block of Denton Service Ln,Violent/Person-Related,38.9933705,-76.9496929
2025-00226306,10/12/2025 02:45:00,10/12/2025 - 02:45,DWI/DUI,Arrest,8600 block of Adelphi Rd,Substance/Impairment,38.998903,-76.962532
2025-00226936,10/12/2025 19:00:00,10/12/2025 - 19:00,Assist Other Agency,CBE,3700 Campus Dr,Public Safety/Suspicious,38.9846832,-76.95097419999999
2025-00226939,10/12/2025 17:30:00,10/12/2025 - 19:03,Title IX Incident Non Criminal,CBE,7600 block of Library Ln,Admin/Legal/Special,38.9867114,-76.9451097
2025-00226940,10/12/2025 17:50:00,10/12/2025 - 19:15,Assault,CBE,3900 block of Denton Service Ln,Violent/Person-Related,38.9933705,-76.9496929
2025-00226938,10/12/2025 19:03:00,10/12/2025 - 19:16,Assault,CBE,3900 block of Campus Dr,Violent/Person-Related,38.98595479999999,-76.94751149999999
2025-00227448,10/12/2025 12:30:00,10/13/2025 - 09:54,Other Incident,CBE,8200 block of Paint Branch Dr,Public Safety/Suspicious,38.9899408,-76.9372626
2025-00227710,10/10/2025 16:30:00,10/13/2025 - 15:25,Damage to State Property,Active/Pending,4000 block of Stadium Dr,Property,38.9924384,-76.9474152
2025-00227847,10/13/2025 17:20:00,10/13/2025 - 17:30,Injured/Sick Person,CBE,8400 block of Boteler Ln,Violent/Person-Related,39.0020587,-76.94301569999999
2025-00228186,10/13/2025 21:48:00,10/14/2025 - 00:17,Accident - Departmental,CBE,Tulane Dr,Public Safety/Suspicious,38.9848021,-76.9568124
2025-00228461,10/09/2025 12:00:00,10/14/2025 - 09:08,Vandalism,Active/Pending,5200 block of Greenbelt Rd,Property,38.9981644,-76.9216679
2025-00228584,10/14/2025 11:24:00,10/14/2025 - 11:24,Traffic Offense,CBE,4200 block of Knox Rd,Admin/Legal/Special,38.9805635,-76.941801
2025-00228809,10/14/2025 02:00:00,10/14/2025 - 16:47,Vandalism,Investigation Pending,4200 block of Valley Dr,Property,38.993454,-76.9431565
2025-00228895,10/14/2025 17:00:00,10/14/2025 - 19:19,Assist Other Agency,Active/Pending,3900 block of Denton Service Ln,Public Safety/Suspicious,38.9933705,-76.9496929
2025-00228921,10/14/2025 19:11:00,10/14/2025 - 19:45,Domestic,Active/Pending,8400 block of Boteler Ln,Violent/Person-Related,39.0020587,-76.94301569999999
2025-00229025,10/14/2025 23:15:00,10/14/2025 - 23:15,Suspicious Activity,Active/Pending,8200 block of Paint Branch Dr,Public Safety/Suspicious,38.9899408,-76.9372626
2025-00229066,10/15/2025 00:31:00,10/15/2025 - 00:31,CDS Violation,CBE,8000 block of Hagerstown Dr,Substance/Impairment,38.992392,-76.9477236
2025-00229110,10/15/2025 02:37:00,10/15/2025 - 02:37,DWI/DUI,Arrest,University Blvd,Substance/Impairment,39.0003743,-76.942387
2025-00229472,10/15/2025 13:39:00,10/15/2025 - 13:39,Other Incident,CBE,7700 block of Alumni Dr,Public Safety/Suspicious,38.9864818,-76.94900009999999
2025-00229518,10/10/2025 17:00:00,10/15/2025 - 14:21,Theft,Active/Pending,7500 block of Yale Ave,Property,38.9817875,-76.9362829
2025-00229572,10/15/2025 14:33:00,10/15/2025 - 14:33,Assist Other Agency,CBE,7500 block of Baltimore Ave,Public Safety/Suspicious,38.9824648,-76.9381235
2025-00229647,10/15/2025 16:35:00,10/15/2025 - 16:35,Emergency Petition,CBE,4200 block of Chapel Ln,Public Safety/Suspicious,38.9846081,-76.94248370000001
2025-00229663,10/10/2025 18:00:00,10/15/2025 - 17:28,Theft,Investigation Pending,3800 block of Stadium Dr,Property,38.9919544,-76.95020939999999
2025-00229793,10/15/2025 22:44:00,10/15/2025 - 22:44,Injured/Sick Person,CBE,4400 block of Rossborough Ln,Violent/Person-Related,38.9854581,-76.9363764
2025-00230090,10/16/2025 06:51:00,10/16/2025 - 06:51,Injured/Sick Person,CBE,Stanley R. Zupnick Hall at 8184 Paint Branch Dr,Violent/Person-Related,38.9899043,-76.93767550000001
2025-00230386,10/16/2025 17:27:00,10/16/2025 - 17:27,Suspicious Person/Auto,CBE,7000 block of 52nd Ave,Public Safety/Suspicious,38.975845,-76.9240925
2025-00230447,10/16/2025 17:15:00,10/16/2025 - 19:48,Assist Other Agency,Active/Pending,Five Guys at 7346 Baltimore Ave,Public Safety/Suspicious,38.980681,-76.939072
2025-00230579,10/09/2025 12:00:00,10/16/2025 - 22:57,Theft,Unfounded,4200 block of Farm Dr,Property,38.9920645,-76.9437179
2025-00231106,10/17/2025 04:27:00,10/17/2025 - 04:27,DWI/DUI,Arrest,4300 block of Campus Dr,Substance/Impairment,38.9883647,-76.9373325
2025-00231499,10/17/2025 16:20:00,10/17/2025 - 16:40,Other Incident,CBE,4600 block of Rossborough Ln,Public Safety/Suspicious,38.985357,-76.93538170000001
2025-00231539,10/17/2025 17:20:00,10/17/2025 - 17:22,Assist Other Agency,CBE,4700 block of Navahoe St,Public Safety/Suspicious,38.99199309999999,-76.93338109999999
2025-00231605,10/17/2025 17:00:00,10/17/2025 - 18:38,Theft,CBE,4100 block of Stadium Dr,Property,38.9905774,-76.9450332
2025-00231672,10/17/2025 19:52:00,10/17/2025 - 19:52,Alarm,CBE,7500 block of Regents Dr,Public Safety/Suspicious,38.982448,-76.9391028
2025-00231848,10/17/2025 22:48:00,10/17/2025 - 22:48,Injured/Sick Person,CBE,3900 block of Denton Service Ln,Violent/Person-Related,38.9933705,-76.9496929
2025-00232073,10/18/2025 00:52:00,10/18/2025 - 00:52,Assist Other Agency,CBE,7400 block of Baltimore Ave,Public Safety/Suspicious,38.9809826,-76.938134
2025-00232096,10/18/2025 01:09:00,10/18/2025 - 01:09,Injured/Sick Person,CBE,8000 block of La Plata Dr,Violent/Person-Related,38.9919634,-76.94569059999999
2025-00232581,10/18/2025 16:09:00,10/18/2025 - 16:09,Injured/Sick Person,CBE,4100 block of Valley Dr,Violent/Person-Related,38.9929461,-76.9441777
2025-00232584,10/18/2025 13:00:00,10/18/2025 - 16:24,Theft,Active/Pending,4000 block of Union Dr,Property,38.987227,-76.9467337
2025-00232583,10/18/2025 16:30:00,10/18/2025 - 16:37,Injured/Sick Person,CBE,3900 block of Campus Dr,Violent/Person-Related,38.98595479999999,-76.94751149999999
2025-00232585,10/18/2025 00:10:00,10/18/2025 - 16:47,Vandalism,Active/Pending,4500 block of College Ave,Property,38.9820624,-76.93706829999999
2025-00232609,10/18/2025 11:00:00,10/18/2025 - 18:14,Emergency Petition,CBE,7100 block of Rhode Island Ave,Public Safety/Suspicious,38.9762216,-76.93348739999999
2025-00232638,10/18/2025 20:20:00,10/18/2025 - 20:28,Injured/Sick Person,CBE,6800 block of Preinkert Dr,Violent/Person-Related,38.981993,-76.94486630000002
2025-00232763,10/18/2025 22:55:00,10/18/2025 - 22:58,Alcohol Violation,Arrest,8000 block of Regents Dr,Substance/Impairment,38.9882024,-76.94094489999999
2025-00232824,10/18/2025 23:32:00,10/18/2025 - 23:32,Injured/Sick Person,CBE,7300 block of Baltimore Ave,Violent/Person-Related,38.9798471,-76.938289
2025-00232926,10/19/2025 01:47:00,10/19/2025 - 01:47,Injured/Sick Person,CBE,7500 block of Yale Ave,Violent/Person-Related,38.9817875,-76.9362829
2025-00233069,10/19/2025 05:55:00,10/19/2025 - 05:55,Emergency Petition,CBE,7400 block of Preinkert Dr,Public Safety/Suspicious,38.9844638,-76.94541509999999
2025-00233519,10/19/2025 18:00:00,10/19/2025 - 18:39,Injured/Sick Person,Active/Pending,4100 block of Stadium Dr,Violent/Person-Related,38.9905774,-76.9450332
2025-00233733,10/20/2025 00:17:00,10/20/2025 - 02:37,Accident,Active/Pending,Regents Dr,Public Safety/Suspicious,38.9874837,-76.9404045
2025-00234341,10/18/2025 14:10:00,10/20/2025 - 13:12,Theft,Unfounded,4300 block of Knox Rd,Property,38.9814976,-76.9423889
2025-00234624,10/10/2025 18:00:00,10/20/2025 - 18:41,Theft,Investigation Pending,4100 block of Stadium Dr,Property,38.9905774,-76.9450332
2025-00234862,10/20/2025 23:00:00,10/21/2025 - 00:18,Injured/Sick Person,CBE,7400 block of Calvert Service Ln,Violent/Person-Related,38.98228340000001,-76.9424736
2025-00235382,10/21/2025 12:15:00,10/21/2025 - 14:20,Theft,Active/Pending,7300 block of Preinkert Dr,Property,38.9840618,-76.9456146
2025-00235576,10/21/2025 18:54:00,10/21/2025 - 19:59,Trespassing,Active/Pending,4100 block of Library Ln,Public Safety/Suspicious,38.9867114,-76.9451097
2025-00235639,10/21/2025 21:00:00,10/21/2025 - 21:47,Other Incident,Active/Pending,3800 block of Stadium Dr,Public Safety/Suspicious,38.9919544,-76.95020939999999
2025-00235852,10/22/2025 01:30:00,10/22/2025 - 01:37,Injured/Sick Person,CBE,7900 block of Regents Dr,Violent/Person-Related,38.9861545,-76.9401512
2025-00235996,10/22/2025 08:10:00,10/22/2025 - 08:17,Theft,Active/Pending,4100 block of Stadium Dr,Property,38.9905774,-76.9450332
2025-00236608,10/22/2025 23:00:00,10/23/2025 - 00:52,Theft,Investigation Pending,8000 block of Hagerstown Dr,Property,38.992392,-76.9477236
2025-00236990,09/01/2025 12:00:00,10/23/2025 - 12:36,Theft,Active/Pending,8000 block of La Plata Dr,Property,38.9919634,-76.94569059999999
2025-00236994,10/23/2025 13:17:00,10/23/2025 - 13:17,Other Incident,CBE,4000 block of Campus Dr,Public Safety/Suspicious,38.9875338,-76.9442923
2025-00237005,10/23/2025 11:15:00,10/23/2025 - 13:42,Theft from Auto,Active/Pending,7500 block of Mowatt Ln,Property,38.9821066,-76.94979119999999
2025-00237179,10/22/2025 19:30:00,10/23/2025 - 20:24,Found/Recovered Property,Active/Pending,3900 block of Denton Service Ln,Property,38.9933705,-76.9496929
2025-00237186,10/23/2025 21:03:00,10/23/2025 - 21:06,Damage to State Property,Active/Pending,3900 block of Denton Service Ln,Property,38.9933705,-76.9496929
2025-00237191,10/23/2025 19:00:00,10/23/2025 - 21:25,Injured/Sick Person,CBE,3900 block of Campus Dr,Violent/Person-Related,38.98595479999999,-76.94751149999999
2025-00237969,09/21/2025 01:30:00,10/24/2025 - 10:45,Rape,Active/Pending,7400 block of Preinkert Dr,Violent/Person-Related,38.9844638,-76.94541509999999
2025-00238036,10/24/2025 12:36:00,10/24/2025 - 12:36,Assist Other Agency,CBE,7500 block of Baltimore Ave,Public Safety/Suspicious,38.9824648,-76.9381235
2025-00238100,10/24/2025 09:30:00,10/24/2025 - 15:17,Vandalism,Investigation Pending,3900 block of Denton Service Ln,Property,38.9933705,-76.9496929
2025-00238470,10/24/2025 20:18:00,10/24/2025 - 20:18,Other Incident,CBE,7500 block of Preinkert Dr,Public Safety/Suspicious,38.9845027,-76.94546509999999
2025-00238565,10/24/2025 22:28:00,10/24/2025 - 22:28,DWI/DUI,Arrest,University Blvd,Substance/Impairment,39.0003743,-76.942387
2025-00238687,10/25/2025 00:18:00,10/25/2025 - 00:18,Injured/Sick Person,CBE,8100 block of Baltimore Ave,Violent/Person-Related,38.9887708,-76.9352643
2025-00239398,10/25/2025 20:01:00,10/25/2025 - 20:01,DWI/DUI,Arrest,University Blvd,Substance/Impairment,39.0003743,-76.942387
2025-00239485,10/25/2025 23:28:00,10/25/2025 - 23:28,DWI/DUI,Arrest,University Blvd,Substance/Impairment,39.0003743,-76.942387
2025-00239504,10/25/2025 23:40:00,10/25/2025 - 23:40,Injured/Sick Person,CBE,7300 block of Baltimore Ave,Violent/Person-Related,38.9798471,-76.938289
2025-00239511,10/25/2025 23:53:00,10/25/2025 - 23:53,Disorderly Conduct,Arrest,7300 block of Baltimore Ave,Substance/Impairment,38.9798471,-76.938289
2025-00239525,10/26/2025 00:37:00,10/26/2025 - 00:37,Injured/Sick Person,CBE,"Frat 13, Zeta Psi Fraternity at 13 Fraternity Row",Violent/Person-Related,38.9832775,-76.9367189
2025-00239600,10/26/2025 04:48:00,10/26/2025 - 04:48,Injured/Sick Person,CBE,8000 block of La Plata Dr,Violent/Person-Related,38.9919634,-76.94569059999999
2025-00239764,10/25/2025 12:00:00,10/26/2025 - 10:20,Stolen Motor Vehicle,Investigation Pending,Lot A,Property,38.9839906,-76.9446049
2025-00240055,10/26/2025 17:15:00,10/26/2025 - 18:42,Theft,Investigation Pending,Engineering Fields,Property,38.9878288,-76.93729859999999
2025-00240130,10/26/2025 22:09:00,10/26/2025 - 22:09,Suspicious Activity,CBE,Lot 4B,Public Safety/Suspicious,38.9972118,-76.94089989999999
2025-00240335,10/27/2025 06:36:00,10/27/2025 - 06:36,Injured/Sick Person,CBE,3400 block of Tulane Dr,Violent/Person-Related,38.9848973,-76.9585598
2025-00240548,10/11/2025 16:00:00,10/27/2025 - 09:21,Theft,Investigation Pending,8600 block of Boteler Ln,Property,39.0028154,-76.94184489999999
2025-00240567,10/24/2025 04:00:00,10/27/2025 - 09:25,Other Incident,Active/Pending,4300 block of Terrapin Trl,Public Safety/Suspicious,38.9981192,-76.9431953
2025-00240554,10/26/2025 10:00:00,10/27/2025 - 09:26,Theft,Unfounded,8600 block of Boteler Ln,Property,39.0028154,-76.94184489999999
2025-00240668,10/27/2025 11:20:00,10/27/2025 - 12:13,Hate Bias Incident,Active/Pending,4000 block of Stadium Dr,Violent/Person-Related,38.9924384,-76.9474152
2025-00240797,10/27/2025 16:00:00,10/27/2025 - 16:37,Emergency Petition,Active/Pending,3900 block of Campus Dr,Public Safety/Suspicious,38.98595479999999,-76.94751149999999
2025-00240799,10/27/2025 16:40:00,10/27/2025 - 17:00,Fire,CBE,3900 block of Campus Dr,Public Safety/Suspicious,38.98595479999999,-76.94751149999999
2025-00240824,10/27/2025 18:39:00,10/27/2025 - 18:39,Theft,Investigation Pending,3900 block of Denton Service Ln,Property,38.9933705,-76.9496929
2025-00240832,10/27/2025 17:45:00,10/27/2025 - 18:55,Theft,Investigation Pending,4300 block of Knox Rd,Property,38.9814976,-76.9423889
2025-00240830,10/27/2025 18:56:00,10/27/2025 - 18:56,Peeping Tom,Arrest,7600 block of Library Ln,Violent/Person-Related,38.9867114,-76.9451097
2025-00240842,10/27/2025 19:44:00,10/27/2025 - 19:44,Injured/Sick Person,CBE,3900 block of Denton Service Ln,Violent/Person-Related,38.9933705,-76.9496929
2025-00240858,10/21/2025 09:30:00,10/27/2025 - 21:05,Theft,Investigation Pending,3800 block of Campus Dr,Property,38.98481719999999,-76.94907789999999
2025-00241419,10/28/2025 12:44:00,10/28/2025 - 12:44,Emergency Petition,CBE,8500 block of Paint Branch Dr,Public Safety/Suspicious,38.994996,-76.94044699999999
2025-00241441,10/27/2025 09:00:00,10/28/2025 - 14:15,Theft,Investigation Pending,4300 block of Stadium Dr,Property,38.99051420000001,-76.94167379999999
2025-00241451,10/28/2025 15:16:00,10/28/2025 - 15:16,Vandalism,Investigation Pending,7600 block of Library Ln,Property,38.9867114,-76.9451097
2025-00241454,10/28/2025 15:00:00,10/28/2025 - 15:24,Assist Other Agency,CBE,3400 block of University Blvd,Public Safety/Suspicious,38.9857884,-76.9590626
2025-00241455,10/23/2025 11:30:00,10/28/2025 - 15:26,Stolen Motor Vehicle,Active/Pending,Lot 11b,Property,38.9936563,-76.9363982
2025-00241472,10/28/2025 16:15:00,10/28/2025 - 16:16,Hazardous Condition,CBE,8200 block of Paint Branch Dr,Public Safety/Suspicious,38.9899408,-76.9372626
2025-00241544,10/22/2025 12:00:00,10/28/2025 - 18:18,Lost Property,CBE,8500 block of Paint Branch Dr,Property,38.994996,-76.94044699999999
2025-00241549,10/28/2025 18:15:00,10/28/2025 - 18:28,Injured/Sick Person,CBE,4100 block of Campus Dr,Violent/Person-Related,38.9875851,-76.942092
2025-00241560,10/28/2025 18:30:00,10/28/2025 - 19:15,Extortion,Investigation Pending,3900 block of Denton Service Ln,Admin/Legal/Special,38.9933705,-76.9496929
2025-00241597,10/28/2025 21:40:00,10/28/2025 - 21:47,Other Incident,CBE,4200 block of Lehigh Rd,Public Safety/Suspicious,38.98208770000001,-76.9437792
2025-00241912,10/29/2025 07:51:00,10/29/2025 - 07:51,Warrant/Summons Service,Arrest,Regents Dr,Admin/Legal/Special,38.9874837,-76.9404045
2025-00241915,10/29/2025 06:10:00,10/29/2025 - 07:54,Theft,Active/Pending,4100 block of Stadium Dr,Property,38.9905774,-76.9450332
2025-00242021,10/29/2025 06:10:00,10/29/2025 - 11:15,Theft,Arrest,4100 block of Stadium Dr,Property,38.9905774,-76.9450332
2025-00242048,10/29/2025 11:59:00,10/29/2025 - 11:59,Other Incident,CBE,8000 block of Regents Dr,Public Safety/Suspicious,38.9882024,-76.94094489999999
2025-00242243,10/29/2025 15:00:00,10/29/2025 - 16:56,Other Incident,Active/Pending,4100 block of Campus Dr,Public Safety/Suspicious,38.9875851,-76.942092
2025-00242741,10/29/2025 10:00:00,10/30/2025 - 09:01,Theft,Active/Pending,4200 block of Campus Dr,Property,38.9878677,-76.9388881
2025-00242742,10/30/2025 01:30:00,10/30/2025 - 09:06,Vandalism,Investigation Pending,8100 block of La Plata Dr,Property,38.9919634,-76.94569059999999
2025-00242796,10/29/2025 17:43:00,10/30/2025 - 10:33,Title IX Incident Non Criminal,Active/Pending,8200 block of Paint Branch Dr,Admin/Legal/Special,38.9899408,-76.9372626
2025-00242935,10/28/2025 11:32:00,10/30/2025 - 13:51,Theft,Active/Pending,4300 block of Knox Rd,Property,38.9814976,-76.9423889
2025-00243067,10/22/2025 08:00:00,10/30/2025 - 19:05,Lost Property,CBE,7500 block of Baltimore Ave,Property,38.9824648,-76.9381235
2025-00243466,10/31/2025 02:00:00,10/31/2025 - 03:27,Assist Other Agency,Active/Pending,4200 block of Knox Rd,Public Safety/Suspicious,38.9805635,-76.941801
2025-00243659,10/31/2025 01:00:00,10/31/2025 - 08:23,Assist Other Agency,CBE,3300 Bladensburg Rd,Public Safety/Suspicious,38.9310561,-76.9580457
2025-00243699,10/31/2025 09:55:00,10/31/2025 - 09:55,Injured/Sick Person,CBE,Anacostia Building at 1 Physics Ellipse,Violent/Person-Related,38.9715874,-76.9299364
2025-00243763,10/30/2025 21:00:00,10/31/2025 - 11:42,Assist Other Agency,CBE,7500 block of Princeton Ave,Public Safety/Suspicious,38.9814537,-76.9347933
2025-00243781,10/31/2025 12:40:00,10/31/2025 - 12:40,Injured/Sick Person,CBE,7000 block of Preinkert Dr,Violent/Person-Related,38.9830028,-76.9449015
2025-00243837,10/31/2025 15:24:00,10/31/2025 - 15:24,Injured/Sick Person,CBE,"Capital One Field, Football Stadium, SECU Stadium",Violent/Person-Related,38.9902668,-76.9472423
2025-00243866,10/31/2025 16:45:00,10/31/2025 - 16:55,Injured/Sick Person,CBE,8200 block of Paint Branch Dr,Violent/Person-Related,38.9899408,-76.9372626
2025-00243950,10/31/2025 17:37:00,10/31/2025 - 17:47,Injured/Sick Person,CBE,4200 block of Valley Dr,Violent/Person-Related,38.993454,-76.9431565
2025-00244179,10/31/2025 21:50:00,10/31/2025 - 21:55,Injured/Sick Person,CBE,7800 block of Championship Ln,Violent/Person-Related,38.9874629,-76.9496427
2025-00244185,10/31/2025 20:30:00,10/31/2025 - 22:10,Vandalism,Investigation Pending,4200 block of Valley Dr,Property,38.993454,-76.9431565
2025-00244195,10/31/2025 22:28:00,10/31/2025 - 22:28,Injured/Sick Person,CBE,8100 block of Baltimore Ave,Violent/Person-Related,38.9887708,-76.9352643
2025-00244200,10/31/2025 22:46:00,10/31/2025 - 22:46,Injured/Sick Person,CBE,7300 block of Baltimore Ave,Violent/Person-Related,38.9798471,-76.938289
2025-00244206,10/31/2025 22:40:00,10/31/2025 - 22:56,Traffic Offense,CBE,4600 block of Hotel Dr,Admin/Legal/Special,38.9864822,-76.9355072
2025-00244236,10/31/2025 23:00:00,10/31/2025 - 23:38,Injured/Sick Person,CBE,Rhode Island Ave,Violent/Person-Related,39.006184,-76.923486
2025-00244238,10/31/2025 23:47:00,10/31/2025 - 23:47,Injured/Sick Person,CBE,La Plata Dr,Violent/Person-Related,38.9917895,-76.9458528
2025-00244253,11/01/2025 00:15:00,11/01/2025 - 00:15,Noise Complaint,Active/Pending,8100 block of Boteler Ln,Public Safety/Suspicious,39.0021363,-76.9416662
2025-00244322,11/01/2025 01:45:00,11/01/2025 - 01:45,Injured/Sick Person,CBE,4100 block of Terrapin Trl,Violent/Person-Related,38.99530190000001,-76.94262069999999
2025-00244333,11/01/2025 02:14:00,11/01/2025 - 02:14,Assist Other Agency,CBE,Baltimore Ave,Public Safety/Suspicious,38.9977211,-76.9315755
2025-00244466,11/01/2025 02:45:00,11/01/2025 - 07:40,Police Information,CBE,7500 block of Regents Dr,Public Safety/Suspicious,38.982448,-76.9391028
2025-00244649,11/01/2025 14:11:00,11/01/2025 - 14:11,Assist Other Agency,CBE,4300 block of Hartwick Rd,Public Safety/Suspicious,38.9803817,-76.942064
2025-00244654,11/01/2025 14:23:00,11/01/2025 - 14:23,Injured/Sick Person,CBE,8400 block of Paint Branch Dr,Violent/Person-Related,38.9947323,-76.9373186
2025-00244794,11/01/2025 20:21:00,11/01/2025 - 20:21,Other Incident,CBE,4200 block of Valley Dr,Public Safety/Suspicious,38.993454,-76.9431565
2025-00244796,11/01/2025 20:32:00,11/01/2025 - 20:32,DWI/DUI,Arrest,Regents Dr,Substance/Impairment,38.9874837,-76.9404045
2025-00244819,11/01/2025 16:00:00,11/01/2025 - 22:49,Theft,Active/Pending,Lot Z,Property,38.9896967,-76.93776
2025-00244839,11/01/2025 23:51:00,11/01/2025 - 23:51,Accident,Active/Pending,4200 block of Lehigh Rd,Public Safety/Suspicious,38.98208770000001,-76.9437792
2025-00244836,11/01/2025 23:30:00,11/01/2025 - 23:51,Emergency Petition,Active/Pending,3800 block of Stadium Dr,Public Safety/Suspicious,38.9919544,-76.95020939999999
2025-00244838,11/02/2025 00:01:00,11/02/2025 - 00:01,Injured/Sick Person,CBE,Lot 11b,Violent/Person-Related,38.9936563,-76.9363982
2025-00244840,11/01/2025 23:30:00,11/02/2025 - 00:06,Noise Complaint,CBE,6900 block of Preinkert Dr,Public Safety/Suspicious,38.981993,-76.94486630000002
2025-00244843,11/02/2025 00:20:00,11/02/2025 - 00:20,Emergency Petition,CBE,3900 block of Denton Service Ln,Public Safety/Suspicious,38.9933705,-76.9496929
2025-00244849,11/02/2025 01:07:00,11/02/2025 - 01:07,Injured/Sick Person,CBE,4000 block of Stadium Dr,Violent/Person-Related,38.9924384,-76.9474152
2025-00244852,11/02/2025 01:22:00,11/02/2025 - 01:22,Emergency Petition,CBE,3900 block of Campus Dr,Public Safety/Suspicious,38.98595479999999,-76.94751149999999
2025-00244851,11/02/2025 00:30:00,11/02/2025 - 01:26,Domestic,Active/Pending,3900 block of Denton Service Ln,Violent/Person-Related,38.9933705,-76.9496929
2025-00244877,11/02/2025 02:02:00,11/02/2025 - 02:02,Injured/Sick Person,CBE,4200 block of Farm Dr,Violent/Person-Related,38.9920645,-76.9437179
2025-00244890,11/02/2025 02:40:00,11/02/2025 - 02:42,Robbery,Active/Pending,8200 block of Boteler Ln,Violent/Person-Related,39.0017767,-76.9421541
2025-00244991,11/01/2025 11:00:00,11/02/2025 - 09:48,Stolen Motor Vehicle,Unfounded,"PGUC, UMGC Parking Garage at 347 Ehrensberger Dr",Property,38.9864552,-76.95399309999999
2025-00245295,11/02/2025 19:31:00,11/02/2025 - 19:31,Recovered Stolen Property,Arrest,7500 block of Mowatt Ln,Property,38.9821066,-76.94979119999999
2025-00245317,11/02/2025 20:27:00,11/02/2025 - 20:27,Injured/Sick Person,CBE,"Recreation Artificial Turf Field, Turf Field, Turf Fields",Violent/Person-Related,38.9896967,-76.93776
2025-00245689,11/03/2025 06:49:00,11/03/2025 - 06:49,Injured/Sick Person,CBE,4200 block of Lehigh Rd,Violent/Person-Related,38.98208770000001,-76.9437792
2025-00245981,11/03/2025 12:21:00,11/03/2025 - 12:21,Check on the Welfare,CBE,4200 block of Chapel Ln,Violent/Person-Related,38.9846081,-76.94248370000001
2025-00246103,11/03/2025 14:57:00,11/03/2025 - 15:39,Emergency Petition,Active/Pending,8000 block of La Plata Dr,Public Safety/Suspicious,38.9919634,-76.94569059999999
2025-00246178,11/03/2025 16:48:00,11/03/2025 - 16:48,Injured/Sick Person,CBE,3900 block of Campus Dr,Violent/Person-Related,38.98595479999999,-76.94751149999999
2025-00246205,11/02/2025 14:00:00,11/03/2025 - 18:35,Theft from Auto,Active/Pending,8000 block of Hagerstown Dr,Property,38.992392,-76.9477236
2025-00246199,11/03/2025 16:30:00,11/03/2025 - 18:38,Injured/Sick Person,CBE,8500 block of Paint Branch Dr,Violent/Person-Related,38.994996,-76.94044699999999
2025-00246223,11/03/2025 18:56:00,11/03/2025 - 18:56,Emergency Petition,CBE,4100 block of Stadium Dr,Public Safety/Suspicious,38.9905774,-76.9450332
2025-00246323,11/03/2025 21:15:00,11/03/2025 - 21:46,Injured/Sick Person,Active/Pending,4200 block of Farm Dr,Violent/Person-Related,38.9920645,-76.9437179
2025-00246675,11/04/2025 08:19:00,11/04/2025 - 08:19,Hazardous Condition,CBE,8000 block of Greenmead Dr,Public Safety/Suspicious,39.000958,-76.9447137
2025-00246695,11/02/2025 10:28:00,11/04/2025 - 08:58,Other Incident,Active/Pending,7500 block of Baltimore Ave,Public Safety/Suspicious,38.9824648,-76.9381235
2025-00246720,11/04/2025 09:40:00,11/04/2025 - 09:40,Assist Other Agency,CBE,Baltimore Ave,Public Safety/Suspicious,38.9977211,-76.9315755
2025-00246806,10/31/2025 16:00:00,11/04/2025 - 11:41,Theft,Investigation Pending,8100 block of Fieldhouse Dr,Property,38.9889855,-76.9462005
2025-00246835,10/31/2025 07:40:00,11/04/2025 - 13:42,Theft,Active/Pending,4200 block of Lehigh Rd,Property,38.98208770000001,-76.9437792
2025-00246927,11/04/2025 15:36:00,11/04/2025 - 15:36,Emergency Petition,CBE,4200 block of Chapel Ln,Public Safety/Suspicious,38.9846081,-76.94248370000001
2025-00247112,11/04/2025 16:30:00,11/04/2025 - 21:09,Other Incident,Active/Pending,7600 block of Mowatt Ln,Public Safety/Suspicious,38.9829343,-76.94802539999999
2025-00247595,11/05/2025 07:51:00,11/05/2025 - 07:51,Injured/Sick Person,CBE,Stadium Dr,Violent/Person-Related,38.9905666,-76.9445737
2025-00247827,11/01/2025 23:00:00,11/05/2025 - 14:50,Theft,Active/Pending,8700 block of Boteler Ln,Property,39.0033062,-76.9419486
2025-00247892,11/05/2025 16:43:00,11/05/2025 - 17:00,Theft,Active/Pending,4200 block of Lehigh Rd,Property,38.98208770000001,-76.9437792
2025-00247963,11/05/2025 16:35:00,11/05/2025 - 18:26,Theft,Active/Pending,4200 block of Valley Dr,Property,38.993454,-76.9431565
2025-00248003,11/05/2025 20:50:00,11/05/2025 - 20:55,Other Incident,CBE,3900 block of Campus Dr,Public Safety/Suspicious,38.98595479999999,-76.94751149999999
2025-00248206,11/05/2025 10:00:00,11/06/2025 - 00:03,Emergency Petition,CBE,7600 block of Preinkert Dr,Public Safety/Suspicious,38.9845297,-76.9454999
2025-00248498,11/06/2025 09:50:00,11/06/2025 - 09:57,Accident,CBE,Regents Dr,Public Safety/Suspicious,38.9874837,-76.9404045
2025-00248559,11/06/2025 11:15:00,11/06/2025 - 12:44,Theft,Investigation Pending,4000 block of Fieldhouse Dr,Property,38.9889266,-76.94601800000001
2025-00248568,11/06/2025 13:37:00,11/06/2025 - 13:38,Suspicious Activity,Active/Pending,3400 block of Tulane Dr,Public Safety/Suspicious,38.9848973,-76.9585598
2025-00248586,11/05/2025 08:45:00,11/06/2025 - 14:26,Theft,Active/Pending,Lot 1b,Property,38.9896967,-76.93776
2025-00248663,11/05/2025 14:00:00,11/06/2025 - 16:20,Theft,Active/Pending,3400 block of Tulane Dr,Property,38.9848973,-76.9585598
2025-00248679,11/06/2025 15:30:00,11/06/2025 - 16:57,Theft,Active/Pending,4100 block of Stadium Dr,Property,38.9905774,-76.9450332
2025-00248777,11/06/2025 19:39:00,11/06/2025 - 19:39,Injured/Sick Person,CBE,4200 block of Lehigh Rd,Violent/Person-Related,38.98208770000001,-76.9437792
2025-00248817,11/06/2025 21:06:00,11/06/2025 - 21:06,Injured/Sick Person,CBE,8200 block of Alumni Dr,Violent/Person-Related,38.9902808,-76.94967799999999
2025-00249011,11/06/2025 23:50:00,11/06/2025 - 23:57,Injured/Sick Person,CBE,8500 block of Paint Branch Dr,Violent/Person-Related,38.994996,-76.94044699999999
2025-00249139,11/07/2025 01:17:00,11/07/2025 - 01:17,Injured/Sick Person,CBE,6800 block of Preinkert Dr,Violent/Person-Related,38.981993,-76.94486630000002
2025-00249905,11/07/2025 16:03:00,11/07/2025 - 16:03,Emergency Petition,CBE,4300 block of Hartwick Rd,Public Safety/Suspicious,38.9803817,-76.942064
2025-00249963,11/07/2025 13:00:00,11/07/2025 - 17:47,Suspicious Activity,Active/Pending,4200 block of Chapel Ln,Public Safety/Suspicious,38.9846081,-76.94248370000001
2025-00250028,11/07/2025 20:03:00,11/07/2025 - 20:04,Assault,Summons Issued,8500 block of Paint Branch Dr,Violent/Person-Related,38.994996,-76.94044699999999
2025-00250052,11/07/2025 20:20:00,11/07/2025 - 20:20,Title IX Incident Non Criminal,Active/Pending,Lot 9b,Admin/Legal/Special,38.9896967,-76.93776
2025-00250069,11/07/2025 20:30:00,11/07/2025 - 20:30,Disorderly Conduct,CBE,8500 block of Paint Branch Dr,Substance/Impairment,38.994996,-76.94044699999999
2025-00250626,11/08/2025 08:43:00,11/08/2025 - 08:43,Trespassing,Arrest,4200 block of Campus Dr,Public Safety/Suspicious,38.9878677,-76.9388881
2025-00250787,11/08/2025 13:35:00,11/08/2025 - 13:37,Other Incident,CBE,4200 block of Farm Dr,Public Safety/Suspicious,38.9920645,-76.9437179
2025-00251131,11/08/2025 22:13:00,11/08/2025 - 22:13,Injured/Sick Person,CBE,3900 block of Denton Service Ln,Violent/Person-Related,38.9933705,-76.9496929
2025-00251243,11/09/2025 00:16:00,11/09/2025 - 00:36,Assist Other Agency,CBE,7300 block of Baltimore Ave,Public Safety/Suspicious,38.9798471,-76.938289
2025-00251246,11/09/2025 00:43:00,11/09/2025 - 00:43,Assist Other Agency,CBE,7300 block of Baltimore Ave,Public Safety/Suspicious,38.9798471,-76.938289
2025-00251331,11/09/2025 04:02:00,11/09/2025 - 04:02,Extortion,Active/Pending,4200 block of Valley Dr,Admin/Legal/Special,38.993454,-76.9431565
2025-00251727,11/06/2025 21:00:00,11/09/2025 - 12:19,Theft,Active/Pending,4300 block of Knox Rd,Property,38.9814976,-76.9423889
2025-00251765,11/09/2025 14:16:00,11/09/2025 - 14:16,Warrant/Summons Service,Arrest,8500 block of Paint Branch Dr,Admin/Legal/Special,38.994996,-76.94044699999999
2025-00251784,11/08/2025 16:29:00,11/09/2025 - 15:07,Fraud,Active/Pending,7 Fraternity Row,Property,38.9839503,-76.9340675
2025-00252042,11/09/2025 20:20:00,11/09/2025 - 20:20,Warrant/Summons Service,Arrest,Baltimore Ave,Admin/Legal/Special,38.9977211,-76.9315755
2025-00252762,10/29/2025 02:30:00,11/10/2025 - 13:55,Assist Other Agency,CBE,8100 block of Baltimore Ave,Public Safety/Suspicious,38.9887708,-76.9352643
2025-00253027,11/10/2025 17:22:00,11/10/2025 - 17:22,Other Incident,CBE,8100 block of La Plata Dr,Public Safety/Suspicious,38.9919634,-76.94569059999999
2025-00253115,11/10/2025 10:30:00,11/10/2025 - 20:01,Theft,Active/Pending,4300 block of Knox Rd,Property,38.9814976,-76.9423889
2025-00253123,11/10/2025 18:00:00,11/10/2025 - 20:51,Theft,Active/Pending,8100 block of Paint Branch Dr,Property,38.9890055,-76.9368496
2025-00253648,11/10/2025 12:02:00,11/11/2025 - 10:16,Assist Other Agency,CBE,7800 block of Regents Dr,Public Safety/Suspicious,38.9848025,-76.9401137
2025-00253691,11/11/2025 12:07:00,11/11/2025 - 12:07,Emergency Petition,CBE,4200 block of Chapel Ln,Public Safety/Suspicious,38.9846081,-76.94248370000001
2025-00253714,11/11/2025 09:00:00,11/11/2025 - 14:35,Theft,Active/Pending,8100 block of Paint Branch Dr,Property,38.9890055,-76.9368496
2025-00253726,11/11/2025 15:25:00,11/11/2025 - 15:31,Trespassing,CBE,4100 block of Campus Dr,Public Safety/Suspicious,38.9875851,-76.942092
2025-00253735,10/03/2025 12:00:00,11/11/2025 - 15:46,Other Incident,CBE,3800 block of Campus Dr,Public Safety/Suspicious,38.98481719999999,-76.94907789999999
2025-00253820,11/09/2025 20:00:00,11/11/2025 - 18:11,Theft,Active/Pending,7000 block of Preinkert Dr,Property,38.9830028,-76.9449015
2025-00253938,11/11/2025 20:15:00,11/11/2025 - 21:40,Theft,Active/Pending,3800 block of Campus Dr,Property,38.98481719999999,-76.94907789999999
2025-00253957,11/11/2025 19:25:00,11/11/2025 - 22:23,Theft,Active/Pending,3900 block of Campus Dr,Property,38.98595479999999,-76.94751149999999
2025-00253956,11/11/2025 22:20:00,11/11/2025 - 22:24,CDS Violation,CBE,3900 block of Denton Service Ln,Substance/Impairment,38.9933705,-76.9496929
2025-00254029,11/11/2025 11:00:00,11/11/2025 - 23:18,Theft,Active/Pending,4000 block of Stadium Dr,Property,38.9924384,-76.9474152
2025-00254354,11/11/2025 22:30:00,11/12/2025 - 08:49,Theft,Active/Pending,4300 block of Knox Rd,Property,38.9814976,-76.9423889
2025-00254381,11/11/2025 22:00:00,11/12/2025 - 09:49,Theft,Active/Pending,7600 block of Regents Dr,Property,38.982614,-76.9394962
2025-00254492,11/12/2025 13:57:00,11/12/2025 - 14:02,Injured/Sick Person,CBE,4600 block of River Rd,Violent/Person-Related,38.9707953,-76.9270342
2025-00254505,11/12/2025 15:18:00,11/12/2025 - 15:18,Assist Other Agency,CBE,8600 block of Baltimore Ave,Public Safety/Suspicious,38.9957284,-76.9324359
2025-00254585,11/12/2025 12:00:00,11/12/2025 - 16:30,Theft,Active/Pending,7500 block of Calvert Service Ln,Property,38.98228340000001,-76.9424736
2025-00254697,11/12/2025 19:40:00,11/12/2025 - 19:57,Assist Other Agency,CBE,Knox Rd,Public Safety/Suspicious,38.9807627,-76.9373827
2025-00254760,11/12/2025 22:27:00,11/12/2025 - 22:27,CDS Violation,Active/Pending,4200 block of Lehigh Rd,Substance/Impairment,38.98208770000001,-76.9437792
2025-00254840,11/12/2025 23:20:00,11/12/2025 - 23:20,CDS Violation,Active/Pending,3900 block of Denton Service Ln,Substance/Impairment,38.9933705,-76.9496929
2025-00255475,11/11/2025 22:30:00,11/13/2025 - 13:18,Theft,Active/Pending,7600 block of Regents Dr,Property,38.982614,-76.9394962
2025-00255481,11/11/2025 17:00:00,11/13/2025 - 13:32,Theft,Active/Pending,7700 block of Alumni Dr,Property,38.9864818,-76.94900009999999
2025-00255648,11/13/2025 17:45:00,11/13/2025 - 18:02,Damage to State Property,CBE,7800 block of Alumni Dr,Property,38.989612,-76.94943289999999
2025-00255657,11/13/2025 17:30:00,11/13/2025 - 18:18,Emergency Petition,CBE,7600 block of Preinkert Dr,Public Safety/Suspicious,38.9845297,-76.9454999
2025-00255686,11/13/2025 20:40:00,11/13/2025 - 20:40,Emergency Petition,CBE,4100 block of Stadium Dr,Public Safety/Suspicious,38.9905774,-76.9450332
